timestamp,market_id,symbol,predicted_probability,market_price,direction,position_size,entry_price,exit_price,realized_outcome,pnl,fees,net_pnl,strategy_name,confidence,edge,capital_at_entry,settlement_time
2026-03-07 17:16:00+00:00,BTCUSDT_20260307_1712,BTC/USDT,0.4324615237139481,0.3717473790432554,YES,241.59924943183358,0.37360611593847165,1.0,1,151.33629223795626,2.4159924943183357,146.50430724931957,Predictive,0.4047609644712846,0.060714144670692693,9997.584007505682,2026-03-07 17:27:00+00:00
2026-03-07 17:37:00+00:00,BTCUSDT_20260307_1727,BTC/USDT,0.3491465016215539,0.2379514933771723,YES,370.22225835819285,0.23914125084405816,0.0,0,-88.5354139540903,3.7022225835819285,-95.93985912125416,Predictive,0.7413000549625441,0.11119500824438161,10145.218077160056,2026-03-07 17:42:00+00:00
2026-03-07 17:50:00+00:00,BTCUSDT_20260307_1742,BTC/USDT,0.3748076077599545,0.3134123681501368,YES,224.8192412539861,0.31497942999088746,1.0,1,154.00580479282175,2.248192412539861,149.50941996774205,Predictive,0.4093015973987846,0.06139523960981769,10054.434470793427,2026-03-07 17:57:00+00:00
2026-03-07 17:59:00+00:00,BTCUSDT_20260307_1757,BTC/USDT,0.3274150209679867,0.19991782305188746,YES,406.6918273307279,0.20091741216714687,0.0,0,-81.71146949681798,4.066918273307279,-89.84530604343254,Predictive,0.8499813194406616,0.12749719791609923,10204.373357312941,2026-03-07 18:12:00+00:00
2026-03-07 18:14:00+00:00,BTCUSDT_20260307_1812,BTC/USDT,0.24618804798287386,0.1668675930394695,YES,240.93833689327192,0.16770193100466682,1.0,1,200.53251254321728,2.409383368932719,195.71374580535186,Predictive,0.5288030329560292,0.07932045494340437,10120.25250444719,2026-03-07 18:27:00+00:00
2026-03-07 18:29:00+00:00,BTCUSDT_20260307_1827,BTC/USDT,0.4084142914147549,0.35278544625931346,YES,221.77087500368225,0.35454937349061,0.0,0,-78.62872479101992,2.2177087500368224,-83.06414229109356,Predictive,0.3708589677029428,0.05562884515544142,10318.56730824037,2026-03-07 18:42:00+00:00
2026-03-07 19:17:00+00:00,BTCUSDT_20260307_1912,BTC/USDT,0.40954291110978847,0.3455612971633124,YES,250.27851899728475,0.34728910364912896,1.0,1,163.35951647208623,2.5027851899728475,158.35394609214052,Predictive,0.4265440929765071,0.06398161394647606,10237.435798259377,2026-03-07 19:27:00+00:00
2026-03-07 19:36:00+00:00,BTCUSDT_20260307_1927,BTC/USDT,0.3424808881667938,0.26881213169062806,YES,261.9756462080707,0.27015619234908117,1.0,1,191.2013031403083,2.6197564620807072,185.96179021614688,Predictive,0.49112504317443817,0.07366875647616572,10398.175558269382,2026-03-07 19:42:00+00:00
2026-03-07 19:46:00+00:00,BTCUSDT_20260307_1942,BTC/USDT,0.36549362574858585,0.2738606496520263,YES,334.0736582978253,0.2752299529002864,1.0,1,242.12658105928847,3.3407365829782534,235.44510789333196,Predictive,0.6108865073103972,0.09163297609655957,10586.036124826715,2026-03-07 19:57:00+00:00
2026-03-07 20:03:00+00:00,BTCUSDT_20260307_1957,BTC/USDT,0.28319002286422,0.17564854727959187,YES,353.14931253489624,0.1765267900159898,0.0,0,-62.340314538138784,3.5314931253489625,-69.4033007888367,Predictive,0.7169431705641877,0.10754147558462815,10824.631212760654,2026-03-07 20:12:00+00:00
2026-03-07 20:23:00+00:00,BTCUSDT_20260307_2012,BTC/USDT,0.4509078230542879,0.35044351783175637,YES,416.14013075642276,0.3521957354209151,0.0,0,-146.56277938991408,4.161401307564228,-154.88558200504255,Predictive,0.6697620348168769,0.10046430522253152,10758.129496914953,2026-03-07 20:27:00+00:00
2026-03-07 20:35:00+00:00,BTCUSDT_20260307_2027,BTC/USDT,0.4109400236990458,0.16386289983693217,YES,530.5783358762519,0.16468221433611682,0.0,0,-87.3768152308731,5.305783358762519,-97.98838194839816,Predictive,1.0,0.24707712386211364,10606.260934166276,2026-03-07 20:42:00+00:00
2026-03-07 20:59:00+00:00,BTCUSDT_20260307_2057,BTC/USDT,0.4959979088486647,0.43520361116639633,YES,283.0613762122712,0.4373796292222283,0.0,0,-123.80527977485686,2.8306137621227125,-129.4665072991023,Predictive,0.405295317881789,0.06079429768226835,10516.05350517328,2026-03-07 21:12:00+00:00
2026-03-07 21:15:00+00:00,BTCUSDT_20260307_2112,BTC/USDT,0.4948041129483115,0.25222814569334484,YES,519.6124112699212,0.2534892864218115,0.0,0,-131.71617934872916,5.196124112699212,-142.10842757412757,Predictive,1.0,0.24257596725496666,10387.052101285724,2026-03-07 21:27:00+00:00
2026-03-07 21:35:00+00:00,BTCUSDT_20260307_2127,BTC/USDT,0.35816612153532534,0.222090698532107,YES,448.47746741953375,0.2232011520247675,0.0,0,-100.10068738519007,4.484774674195338,-109.07023673358074,Predictive,0.9071694866881224,0.13607542300321834,10250.8511472628,2026-03-07 21:42:00+00:00
2026-03-07 21:50:00+00:00,BTCUSDT_20260307_2142,BTC/USDT,0.4553876778858001,0.28926403207960494,YES,507.53752299388054,0.2907103522400029,0.0,0,-147.5464120845696,5.075375229938806,-157.6971625444472,Predictive,1.0,0.16612364580619515,10145.675084647672,2026-03-07 21:57:00+00:00
2026-03-07 22:09:00+00:00,BTCUSDT_20260307_2157,BTC/USDT,0.3922063811394286,0.23089842111847905,YES,499.9064336281551,0.23205291322407143,1.0,1,383.90168936528585,4.999064336281552,373.90356069272275,Predictive,1.0,0.16130796002094952,9993.12960822682,2026-03-07 22:12:00+00:00
2026-03-07 22:32:00+00:00,BTCUSDT_20260307_2227,BTC/USDT,0.34953788033895306,0.27148426569774453,YES,277.9503461231924,0.27284168702623324,0.0,0,-75.83644134577726,2.779503461231924,-81.39544826824111,Predictive,0.5203574309413902,0.07805361464120852,10374.251794130874,2026-03-07 22:42:00+00:00
2026-03-07 23:18:00+00:00,BTCUSDT_20260307_2312,BTC/USDT,0.32706425021575763,0.10846900715722116,YES,514.9207676392549,0.10901135219300725,1.0,1,458.7885584866384,5.149207676392549,448.4901431338533,Predictive,1.0,0.21859524305853648,10293.266145108704,2026-03-07 23:27:00+00:00
2026-03-07 23:29:00+00:00,BTCUSDT_20260307_2327,BTC/USDT,0.45421955912108397,0.17400333043558028,YES,537.6027351797671,0.17487334708775817,0.0,0,-94.01238970441956,5.3760273517976715,-104.76444440801491,Predictive,1.0,0.28021622868550367,10746.678676243544,2026-03-07 23:42:00+00:00
2026-03-08 00:09:00+00:00,BTCUSDT_20260307_2357,BTC/USDT,0.3548592668524374,0.23760069072495535,YES,409.6004762611136,0.2387886941785801,0.0,0,-97.80796286131581,4.096004762611136,-105.99997238653808,Predictive,0.7817238408498804,0.11725857612748206,10648.570281776514,2026-03-08 00:12:00+00:00
2026-03-08 00:15:00+00:00,BTCUSDT_20260308_0012,BTC/USDT,0.2938037060567662,0.20858894031234015,YES,284.0119329979762,0.20963188501390184,1.0,1,224.47397611716846,2.8401193299797622,218.79373745720895,Predictive,0.5680984382961737,0.08521476574442605,10547.922199585219,2026-03-08 00:27:00+00:00
2026-03-08 00:29:00+00:00,BTCUSDT_20260308_0027,BTC/USDT,0.42141742781931935,0.3586237633069533,YES,263.6667032361085,0.360416882123488,0.0,0,-95.0299311001372,2.636667032361085,-100.30326516485938,Predictive,0.41862443008244044,0.06279366451236607,10769.759508670026,2026-03-08 00:42:00+00:00
2026-03-08 00:45:00+00:00,BTCUSDT_20260308_0042,BTC/USDT,0.3739500764457948,0.22349378428224145,YES,517.0854397492524,0.22461125320365263,0.0,0,-116.1432086354414,5.170854397492524,-126.48491743042644,Predictive,1.0,0.15045629216355336,10669.558723172397,2026-03-08 00:57:00+00:00
2026-03-08 01:16:00+00:00,BTCUSDT_20260308_0112,BTC/USDT,0.3180098451452926,0.23106017331628542,YES,298.33804409040624,0.23221547418286684,0.0,0,-69.27871037524272,2.9833804409040625,-75.24547125705084,Predictive,0.579664478860048,0.0869496718290072,10550.432134096052,2026-03-08 01:27:00+00:00
2026-03-08 01:59:00+00:00,BTCUSDT_20260308_0157,BTC/USDT,0.27947501204353264,0.19703150859922883,YES,269.0339090645337,0.19801666614222496,0.0,0,-53.27319775216948,2.6903390906453373,-58.65387593346016,Predictive,0.5496233562953589,0.08244350344430382,10478.463084630162,2026-03-08 02:12:00+00:00
2026-03-08 02:15:00+00:00,BTCUSDT_20260308_0212,BTC/USDT,0.29031643993908146,0.07582453853420847,YES,521.2594943438997,0.07620366122687951,0.0,0,-39.72188191827705,5.212594943438997,-50.14707180515505,Predictive,1.0,0.214491901404873,10419.977291934554,2026-03-08 02:27:00+00:00
2026-03-08 02:30:00+00:00,BTCUSDT_20260308_0227,BTC/USDT,0.43972463471379497,0.2851599078389298,YES,519.0127705008139,0.28658570737812444,0.0,0,-148.7416419722559,5.1901277050081385,-159.12189738227218,Predictive,1.0,0.15456472687486517,10375.06528231127,2026-03-08 02:42:00+00:00
2026-03-08 02:44:00+00:00,BTCUSDT_20260308_0242,BTC/USDT,0.3676420782721395,0.2382349741961449,YES,434.30680157692854,0.2394261490671256,1.0,1,330.3223965617043,4.343068015769285,321.6362605301657,Predictive,0.8627140271732975,0.12940710407599462,10221.980572323246,2026-03-08 02:57:00+00:00
2026-03-08 02:59:00+00:00,BTCUSDT_20260308_0257,BTC/USDT,0.3452377197948459,0.2253829189313874,YES,408.18366967903256,0.2265098335260443,0.0,0,-92.45761506704753,4.081836696790326,-100.6212884606282,Predictive,0.7990320057563901,0.11985480086345851,10548.221132188159,2026-03-08 03:12:00+00:00
2026-03-08 03:14:00+00:00,BTCUSDT_20260308_0312,BTC/USDT,0.3485265327844133,0.2677792462402251,YES,288.25819550323587,0.2691181424714262,0.0,0,-77.57551012599605,2.8825819550323586,-83.34067403606078,Predictive,0.5383152436279215,0.08074728654418822,10452.88093516608,2026-03-08 03:27:00+00:00
2026-03-08 03:30:00+00:00,BTCUSDT_20260308_0327,BTC/USDT,0.29527192880055186,0.21077544930487135,YES,277.7019484936726,0.2118293265513957,0.0,0,-58.825416731425044,2.777019484936726,-64.3794557012985,Predictive,0.5633098633045368,0.08449647949568051,10372.528405555146,2026-03-08 03:42:00+00:00
2026-03-08 03:46:00+00:00,BTCUSDT_20260308_0342,BTC/USDT,0.31489546147552033,0.19730763614717403,YES,377.71815210659213,0.19829417432790988,1.0,1,302.8188430059516,3.777181521065921,295.2644799638197,Predictive,0.7839188355223087,0.1175878253283463,10309.925807302656,2026-03-08 03:57:00+00:00
2026-03-08 04:16:00+00:00,BTCUSDT_20260308_0412,BTC/USDT,0.3693891947762429,0.1827399228935984,YES,530.6372325154304,0.18365362250806636,0.0,0,-97.45344998911388,5.306372325154304,-108.06619463942248,Predictive,1.0,0.1866492718826445,10607.438277983452,2026-03-08 04:27:00+00:00
2026-03-08 04:30:00+00:00,BTCUSDT_20260308_0427,BTC/USDT,0.33905517282016184,0.22481041428009751,YES,387.2312983342254,0.22593446635149797,0.0,0,-87.48889674374092,3.8723129833422543,-95.23352271042543,Predictive,0.7616317236004289,0.11424475854006433,10506.112515010995,2026-03-08 04:42:00+00:00
2026-03-08 04:47:00+00:00,BTCUSDT_20260308_0442,BTC/USDT,0.4211176298591007,0.22696225419067861,YES,520.9311809133627,0.22809706546163197,0.0,0,-118.82287367380054,5.209311809133627,-129.2414972920678,Predictive,1.0,0.19415537566842206,10413.41430645812,2026-03-08 04:57:00+00:00
2026-03-08 05:14:00+00:00,BTCUSDT_20260308_0512,BTC/USDT,0.32585370888411014,0.2495440204832144,YES,261.699915082338,0.2507917405856304,1.0,1,196.0677378677268,2.6169991508233803,190.83373956608006,Predictive,0.5087312560059717,0.07630968840089575,10291.974433633497,2026-03-08 05:27:00+00:00
2026-03-08 05:29:00+00:00,BTCUSDT_20260308_0527,BTC/USDT,0.3747916603868766,0.18893353504265442,YES,524.4021085750612,0.18987820271786768,1.0,1,424.82957869736845,5.244021085750612,414.34153652586724,Predictive,1.0,0.1858581253442222,10482.798150415472,2026-03-08 05:42:00+00:00
2026-03-08 06:02:00+00:00,BTCUSDT_20260308_0557,BTC/USDT,0.4769487119068691,0.3382119328083919,YES,545.3813864556421,0.33990299247243383,1.0,1,360.0046211606045,5.453813864556421,349.0969934314916,Predictive,0.9249118606565148,0.1387367790984772,10902.173915248284,2026-03-08 06:12:00+00:00
2026-03-08 06:32:00+00:00,BTCUSDT_20260308_0627,BTC/USDT,0.3817214323670115,0.29964487325778966,YES,329.961482056237,0.3011430976240786,0.0,0,-99.36562280304703,3.29961482056237,-105.96485244417177,Predictive,0.5471770607281456,0.08207655910922185,11258.878921588326,2026-03-08 06:42:00+00:00
2026-03-08 06:44:00+00:00,BTCUSDT_20260308_0642,BTC/USDT,0.31141295382063194,0.1669546851904718,YES,483.79240037691227,0.16778945861642414,0.0,0,-81.17526494198242,4.837924003769123,-90.85111294952065,Predictive,0.9630551242010676,0.14445826863016015,11154.675374781511,2026-03-08 06:57:00+00:00
2026-03-08 07:05:00+00:00,BTCUSDT_20260308_0657,BTC/USDT,0.43883799884869223,0.35050629878312156,YES,376.5013765898666,0.35225883027703714,0.0,0,-132.62593451524066,3.765013765898666,-140.15596204703797,Predictive,0.5888780004371379,0.08833170006557067,11069.73509607363,2026-03-08 07:12:00+00:00
2026-03-08 07:29:00+00:00,BTCUSDT_20260308_0727,BTC/USDT,0.4622151261638231,0.2873378742622767,YES,546.8554580779195,0.28877456363358806,1.0,1,388.93751180082234,5.468554580779195,378.00040263926394,Predictive,1.0,0.1748772519015464,10931.64060697761,2026-03-08 07:42:00+00:00
2026-03-08 07:47:00+00:00,BTCUSDT_20260308_0742,BTC/USDT,0.2590031696455809,0.17043962596700832,YES,302.1451319495082,0.17129182409684335,0.0,0,-51.754990793612684,3.021451319495082,-57.79789343260285,Predictive,0.5904236245238172,0.08856354367857258,11317.556667458937,2026-03-08 07:57:00+00:00
2026-03-08 08:15:00+00:00,BTCUSDT_20260308_0812,BTC/USDT,0.44956053658566786,0.37322295212093487,YES,343.02631612210246,0.3750890668815395,1.0,1,214.36089529205108,3.4302631612210246,207.500368969609,Predictive,0.5089172297648866,0.07633758446473299,11262.371413504105,2026-03-08 08:27:00+00:00
2026-03-08 08:49:00+00:00,BTCUSDT_20260308_0842,BTC/USDT,0.38858444344277643,0.26947974729083385,YES,467.794256691385,0.27082714602728797,0.0,0,-126.69138346768436,4.67794256691385,-136.04726860151206,Predictive,0.7940313076796173,0.11910469615194258,11472.054366229242,2026-03-08 08:57:00+00:00
2026-03-08 08:59:00+00:00,BTCUSDT_20260308_0857,BTC/USDT,0.37104548307690044,0.2218507241925704,YES,543.8123337299111,0.22295997781353324,0.0,0,-121.24838586314671,5.4381233372991105,-132.12463253774493,Predictive,0.9946317258955336,0.14919475888433004,11339.924859424256,2026-03-08 09:12:00+00:00
2026-03-08 09:15:00+00:00,BTCUSDT_20260308_0912,BTC/USDT,0.47634071484074336,0.36038989861729626,YES,508.44049024714593,0.3621918481103827,0.0,0,-184.15300081676278,5.0844049024714595,-194.32181062170568,Predictive,0.7730054414896474,0.1159508162234471,11213.59206865864,2026-03-08 09:27:00+00:00
2026-03-08 09:29:00+00:00,BTCUSDT_20260308_0927,BTC/USDT,0.3976902450872185,0.23513029458526824,YES,551.4719533920938,0.23630594605819455,0.0,0,-130.3161016708793,5.514719533920938,-141.34554073872116,Predictive,1.0,0.16255995050195027,11023.924348307957,2026-03-08 09:42:00+00:00
2026-03-08 10:23:00+00:00,BTCUSDT_20260308_1012,BTC/USDT,0.2948116190348803,0.2196964407235613,YES,262.1657033893871,0.22079492292717906,0.0,0,-57.88485627400941,2.621657033893871,-63.128170341797144,Predictive,0.5007678554087934,0.075115178311319,10890.986589603184,2026-03-08 10:27:00+00:00
2026-03-08 10:29:00+00:00,BTCUSDT_20260308_1027,BTC/USDT,0.4156380134912404,0.2345153340059996,YES,541.6550866664587,0.2356879106760296,1.0,1,413.99353098299736,5.416550866664587,403.1604292496682,Predictive,1.0,0.1811226794852408,10827.685182462512,2026-03-08 10:42:00+00:00
2026-03-08 10:46:00+00:00,BTCUSDT_20260308_1042,BTC/USDT,0.33894277055372934,0.28830337101789394,YES,199.96998603107633,0.28974488787298336,0.0,0,-57.94028118053626,1.9996998603107634,-61.939680901157786,Predictive,0.3375959969055694,0.050639399535835405,11239.679013585197,2026-03-08 10:57:00+00:00
2026-03-08 11:00:00+00:00,BTCUSDT_20260308_1057,BTC/USDT,0.38811325208703207,0.3324902195679746,YES,232.94123747879866,0.33415267066581444,0.0,0,-77.83793661174028,2.3294123747879865,-82.49676136131626,Predictive,0.3708202167937166,0.05562303251905748,11179.409320029874,2026-03-08 11:12:00+00:00
2026-03-08 11:18:00+00:00,BTCUSDT_20260308_1112,BTC/USDT,0.37352316800980545,0.29729313765277476,YES,301.0761559741757,0.2987796033410386,1.0,1,211.12074151676683,3.0107615597417574,205.09921839728332,Predictive,0.5082002023802046,0.07623003035703069,11098.56062185839,2026-03-08 11:27:00+00:00
2026-03-08 11:45:00+00:00,BTCUSDT_20260308_1142,BTC/USDT,0.2780630666171529,0.11140934695057017,YES,530.2780478789969,0.111966393685323,1.0,1,470.90472720749256,5.302780478789969,460.2991662499127,Predictive,1.0,0.16665371966658274,11304.378582896366,2026-03-08 11:57:00+00:00
2026-03-08 12:02:00+00:00,BTCUSDT_20260308_1157,BTC/USDT,0.3000755259272636,0.10968537463458669,YES,588.764165505193,0.11023380150775962,0.0,0,-64.90171215518117,5.8876416550519295,-76.67699546528505,Predictive,1.0,0.19039015129267692,11769.395668448808,2026-03-08 12:12:00+00:00
2026-03-08 12:21:00+00:00,BTCUSDT_20260308_1212,BTC/USDT,0.39936416116935236,0.3011114630059748,YES,411.36678131430915,0.3026170203210046,0.0,0,-124.48658962037855,4.113667813143092,-132.71392524666473,Predictive,0.6550179877558504,0.09825269816337756,11700.380288480485,2026-03-08 12:27:00+00:00
2026-03-08 12:29:00+00:00,BTCUSDT_20260308_1227,BTC/USDT,0.4274698750267949,0.33249322210650445,YES,411.7709641647396,0.33415568821703695,0.0,0,-137.59560991826143,4.117709641647396,-145.83102920155622,Predictive,0.6331776861352697,0.09497665292029045,11571.775989218459,2026-03-08 12:42:00+00:00
2026-03-08 12:54:00+00:00,BTCUSDT_20260308_1242,BTC/USDT,0.40199701757279743,0.18353913036485064,YES,571.7090189650098,0.18445682601667487,1.0,1,466.2533879216171,5.717090189650098,454.8192075423169,Predictive,1.0,0.2184578872079468,11428.463289110547,2026-03-08 12:57:00+00:00
2026-03-08 12:59:00+00:00,BTCUSDT_20260308_1257,BTC/USDT,0.4105721423960108,0.17076124988068386,YES,594.7358338516082,0.17161505613008726,0.0,0,-102.06562350901798,5.947358338516081,-113.96034018605015,Predictive,1.0,0.23981089251532695,11888.769318693647,2026-03-08 13:12:00+00:00
2026-03-08 13:14:00+00:00,BTCUSDT_20260308_1312,BTC/USDT,0.2727337394554286,0.1820669615877376,YES,326.63506532210766,0.18297729639567628,1.0,1,266.8682641614433,3.266350653221077,260.3355628550011,Predictive,0.6044451857846067,0.090666777867691,11783.437344531409,2026-03-08 13:27:00+00:00
2026-03-08 13:29:00+00:00,BTCUSDT_20260308_1327,BTC/USDT,0.37953711155951947,0.2556647258014578,YES,501.3534077334266,0.2569430494304651,0.0,0,-128.81927342538194,5.013534077334266,-138.84634158005048,Predictive,0.8258159050537444,0.12387238575806164,12045.292074615518,2026-03-08 13:42:00+00:00
2026-03-08 13:45:00+00:00,BTCUSDT_20260308_1342,BTC/USDT,0.3951358746010326,0.3295436147945222,YES,291.45385039227006,0.3311913328684948,1.0,1,194.92686121119925,2.9145385039227008,189.09778420335385,Predictive,0.4372817320434027,0.0655922598065104,11913.558262686212,2026-03-08 13:57:00+00:00
2026-03-08 13:59:00+00:00,BTCUSDT_20260308_1357,BTC/USDT,0.3185173108924845,0.2609520397938806,YES,235.78585771218636,0.26225679999284995,0.0,0,-61.83644452716744,2.3578585771218634,-66.55216168141116,Predictive,0.3837684739906925,0.057565271098603876,12106.127265320289,2026-03-08 14:12:00+00:00
2026-03-08 14:15:00+00:00,BTCUSDT_20260308_1412,BTC/USDT,0.3281601824813645,0.23389164325679881,YES,370.5081962878906,0.2350611014730828,1.0,1,283.4161315636539,3.7050819628789062,276.00596763789605,Predictive,0.6284569281637714,0.09426853922456571,12040.585738830243,2026-03-08 14:27:00+00:00
2026-03-08 14:29:00+00:00,BTCUSDT_20260308_1427,BTC/USDT,0.49879448043378083,0.3454758136198257,YES,616.2000935196949,0.3472031926879248,0.0,0,-213.9466398046359,6.162000935196949,-226.2706416750298,Predictive,1.0,0.15331866681395512,12317.8398694587,2026-03-08 14:42:00+00:00
2026-03-08 14:44:00+00:00,BTCUSDT_20260308_1442,BTC/USDT,0.4312018401901648,0.3346725375650024,YES,439.0245550032747,0.3363459002528274,1.0,1,291.3604458176013,4.3902455500327475,282.57995471753577,Predictive,0.643528684167749,0.09652930262516235,12099.50298410403,2026-03-08 14:57:00+00:00
2026-03-08 15:03:00+00:00,BTCUSDT_20260308_1457,BTC/USDT,0.3832994718244653,0.2020061333640435,YES,619.5431714960816,0.2030161640308637,0.0,0,-125.77727812865002,6.195431714960817,-138.16814155857165,Predictive,1.0,0.18129333846042178,12384.66799820667,2026-03-08 15:12:00+00:00
2026-03-08 15:14:00+00:00,BTCUSDT_20260308_1512,BTC/USDT,0.4043239987865994,0.24835508727506744,YES,612.9445360039011,0.24959686271144274,0.0,0,-152.98903320269469,6.1294453600390115,-165.24792392277269,Predictive,1.0,0.15596891151153197,12252.761274717983,2026-03-08 15:27:00+00:00
2026-03-08 15:32:00+00:00,BTCUSDT_20260308_1527,BTC/USDT,0.5535034549791498,0.4247873482504112,YES,604.9886120757644,0.4269112849916632,1.0,1,346.712146289177,6.049886120757645,334.61237404766166,Predictive,0.8581073781915904,0.12871610672873857,12093.722355394531,2026-03-08 15:42:00+00:00
2026-03-08 15:44:00+00:00,BTCUSDT_20260308_1542,BTC/USDT,0.3919098675439778,0.3402952994110205,YES,243.33146846516243,0.34199677590807553,1.0,1,160.11289077309934,2.4333146846516245,155.24626140379607,Predictive,0.3440971208863819,0.051614568132957284,12438.001186999056,2026-03-08 15:57:00+00:00
2026-03-08 16:14:00+00:00,BTCUSDT_20260308_1612,BTC/USDT,0.3914532898916003,0.3243163271749278,YES,312.94196868907653,0.3259379088108024,1.0,1,210.94231783542332,3.1294196868907656,204.68347846164178,Predictive,0.44757975144448314,0.06713696271667247,12594.984658085265,2026-03-08 16:27:00+00:00
2026-03-08 16:30:00+00:00,BTCUSDT_20260308_1627,BTC/USDT,0.3218508845851966,0.23488791065764186,YES,363.8818119716212,0.23606235021093006,1.0,1,277.98301623858856,3.6388181197162117,270.7053799991561,Predictive,0.5797531595170318,0.08696297392755475,12802.288157800971,2026-03-08 16:42:00+00:00
2026-03-08 16:45:00+00:00,BTCUSDT_20260308_1642,BTC/USDT,0.40626238354430466,0.29662968074998286,YES,509.6978941411945,0.2981128291537327,1.0,1,357.7504129050633,5.096978941411946,347.55645502223945,Predictive,0.7308846852954787,0.1096327027943218,13075.174195098149,2026-03-08 16:57:00+00:00
2026-03-08 17:05:00+00:00,BTCUSDT_20260308_1657,BTC/USDT,0.3867464069546407,0.2895116069354963,YES,459.59503022199726,0.29095916497017377,0.0,0,-133.7233862178341,4.595950302219973,-142.91528682227403,Predictive,0.6482320001276292,0.09723480001914436,13428.328657700993,2026-03-08 17:12:00+00:00
2026-03-08 17:14:00+00:00,BTCUSDT_20260308_1712,BTC/USDT,0.2955944779108289,0.2205974809781052,YES,319.81403909832164,0.2217004683829957,0.0,0,-70.90292226355561,3.1981403909832165,-77.29920304552203,Predictive,0.49997997955149126,0.07499699693272369,13291.407131092175,2026-03-08 17:27:00+00:00
2026-03-08 17:29:00+00:00,BTCUSDT_20260308_1727,BTC/USDT,0.3410700209876417,0.1626869238501393,YES,661.025210441431,0.16350035846938998,0.0,0,-108.07785886447792,6.61025210441431,-121.29836307330655,Predictive,1.0,0.17838309713750242,13213.893956724203,2026-03-08 17:42:00+00:00
2026-03-08 17:54:00+00:00,BTCUSDT_20260308_1742,BTC/USDT,0.2916489748334729,0.21749548272072455,YES,310.49086912073443,0.21858296013432815,1.0,1,242.62285585364404,3.1049086912073443,236.41303847122933,Predictive,0.49435661408498904,0.07415349211274835,13102.71118916852,2026-03-08 17:57:00+00:00
2026-03-08 18:04:00+00:00,BTCUSDT_20260308_1757,BTC/USDT,0.418931099341864,0.2829666327264334,YES,632.6383499193246,0.2843814658900655,1.0,1,452.72772859099484,6.326383499193246,440.07496159260836,Predictive,0.906429777436204,0.1359644666154306,13339.007661522972,2026-03-08 18:12:00+00:00
2026-03-08 18:16:00+00:00,BTCUSDT_20260308_1812,BTC/USDT,0.3952250196242145,0.23003020952936465,YES,689.5867695056984,0.23118036057701144,1.0,1,530.1678514822346,6.895867695056984,516.3761160921207,Predictive,1.0,0.16519481009484988,13784.83952241891,2026-03-08 18:27:00+00:00
2026-03-08 18:33:00+00:00,BTCUSDT_20260308_1827,BTC/USDT,0.5021378727677155,0.44976480961588494,YES,340.6365124924444,0.4520136336639643,1.0,1,186.66416472211424,3.406365124924444,179.85143447226537,Predictive,0.34915375434553697,0.052373063151830546,14311.601008776219,2026-03-08 18:42:00+00:00
2026-03-08 19:07:00+00:00,BTCUSDT_20260308_1857,BTC/USDT,0.36397224883448864,0.28738308284629643,YES,389.5536336511035,0.2888199982605279,1.0,1,277.04275385760945,3.895536336511035,269.25168118458737,Predictive,0.5105944399212814,0.07658916598819221,14494.369637161823,2026-03-08 19:12:00+00:00
2026-03-08 19:17:00+00:00,BTCUSDT_20260308_1912,BTC/USDT,0.3540097134997491,0.16629396090843182,YES,738.5706195509716,0.16712543071297395,0.0,0,-123.43393290440414,7.385706195509717,-138.2053452954236,Predictive,1.0,0.18771575259131726,14764.02668482392,2026-03-08 19:27:00+00:00
2026-03-08 19:29:00+00:00,BTCUSDT_20260308_1927,BTC/USDT,0.35973408339830293,0.2965255538935507,YES,328.8713414000592,0.2980081816630184,1.0,1,230.86499094834977,3.288713414000592,224.28756412034858,Predictive,0.4213901966983484,0.06320852950475225,14637.304038505517,2026-03-08 19:42:00+00:00
2026-03-08 20:00:00+00:00,BTCUSDT_20260308_1957,BTC/USDT,0.34701525481669193,0.2156401519026035,YES,622.5800699534328,0.21671835266211648,0.0,0,-134.9245271605732,6.225800699534329,-147.37612855964184,Predictive,0.8758340194272562,0.13137510291408844,14861.943228754333,2026-03-08 20:12:00+00:00
2026-03-08 20:15:00+00:00,BTCUSDT_20260308_2012,BTC/USDT,0.3161209158372719,0.2303622449002503,YES,410.2480492753551,0.23151405612475154,0.0,0,-94.97818990500438,4.102480492753551,-103.1831508905115,Predictive,0.5717244729134774,0.08575867093702161,14722.916221101008,2026-03-08 20:27:00+00:00
2026-03-08 20:29:00+00:00,BTCUSDT_20260308_2027,BTC/USDT,0.41711994587098267,0.30235633005782603,YES,601.580410128995,0.3038681117081151,1.0,1,418.77930686250386,6.015804101289951,406.7476986599239,Predictive,0.7650907720877109,0.11476361581315664,14621.922227094712,2026-03-08 20:42:00+00:00
2026-03-08 20:59:00+00:00,BTCUSDT_20260308_2057,BTC/USDT,0.24153909612708463,0.16082531250441764,YES,361.6624605205722,0.16162943906693972,1.0,1,303.2071598950629,3.6166246052057223,295.9739106846514,Predictive,0.53809189081778,0.08071378362266698,15037.084909352012,2026-03-08 21:12:00+00:00
2026-03-08 21:17:00+00:00,BTCUSDT_20260308_2112,BTC/USDT,0.32567407744512783,0.2650988614553149,YES,316.11105790420345,0.26642435576259144,1.0,1,231.89137295264482,3.1611105790420346,225.56915179456075,Predictive,0.40383477326541944,0.060575215989812914,15337.130958668033,2026-03-08 21:27:00+00:00
2026-03-08 21:30:00+00:00,BTCUSDT_20260308_2127,BTC/USDT,0.31963247903174086,0.26457893057483833,YES,291.37386763696065,0.2659018252277125,1.0,1,213.8970244086349,2.9137386763696065,208.0695470558957,Predictive,0.3670236563793502,0.055053548456902524,15566.108592944307,2026-03-08 21:42:00+00:00
2026-03-08 21:45:00+00:00,BTCUSDT_20260308_2142,BTC/USDT,0.27103972533435616,0.20133418136165018,YES,344.30980072656075,0.2023408522684584,1.0,1,274.6418622031654,3.4430980072656077,267.7556661886341,Predictive,0.46470362648470653,0.06970554397270598,15776.562519345676,2026-03-08 21:57:00+00:00
2026-03-08 22:06:00+00:00,BTCUSDT_20260308_2157,BTC/USDT,0.41951239630858017,0.3660306574052839,YES,338.5204394521598,0.3678608106923103,0.0,0,-124.52840329278864,3.385204394521598,-131.29881208183184,Predictive,0.3565449260219752,0.05348173890329627,16047.81917715432,2026-03-08 22:12:00+00:00
2026-03-08 22:14:00+00:00,BTCUSDT_20260308_2212,BTC/USDT,0.37535448094567936,0.32122067141590166,YES,317.47740154283787,0.3228267747729811,1.0,1,214.98719593945685,3.174774015428379,208.63764790860012,Predictive,0.3608920635318513,0.0541338095297777,15920.115999846104,2026-03-08 22:27:00+00:00
2026-03-08 22:39:00+00:00,BTCUSDT_20260308_2227,BTC/USDT,0.47396950955509254,0.1571245222386206,YES,806.7551597892781,0.1579101448498137,0.0,0,-127.3948241406595,8.06755159789278,-143.52992733644507,Predictive,1.0,0.3168449873164719,16127.035644187668,2026-03-08 22:42:00+00:00
2026-03-08 22:44:00+00:00,BTCUSDT_20260308_2242,BTC/USDT,0.27993057098960805,0.22803127000694837,YES,268.9131509710055,0.2291714263569831,0.0,0,-61.627210374176066,2.689131509710055,-67.00547339359618,Predictive,0.3459953398843979,0.051899300982659685,15996.951688537298,2026-03-08 22:57:00+00:00
2026-03-08 23:20:00+00:00,BTCUSDT_20260308_2312,BTC/USDT,0.3803601330962622,0.31854604559575994,YES,361.36980909562334,0.32013877582373873,0.0,0,-115.68848830353102,3.6136980909562335,-122.91588448544348,Predictive,0.41209391667001516,0.06181408750050227,15931.710780072166,2026-03-08 23:27:00+00:00
2026-03-08 23:54:00+00:00,BTCUSDT_20260308_2342,BTC/USDT,0.34833292180411324,0.27788485976126,YES,385.7446193806768,0.27927428406006627,1.0,1,278.0160669731155,3.857446193806768,270.301174585502,Predictive,0.46965374695235507,0.07044806204285325,15812.164845574829,2026-03-08 23:57:00+00:00
2026-03-09 00:17:00+00:00,BTCUSDT_20260309_0012,BTC/USDT,0.45411765849465685,0.322035642456558,YES,783.67819403061,0.3236458206688408,0.0,0,-253.63417224731182,7.836781940306101,-269.307736127924,Predictive,0.8805467735873256,0.13208201603809883,16082.344130607638,2026-03-09 00:27:00+00:00
2026-03-09 00:29:00+00:00,BTCUSDT_20260309_0027,BTC/USDT,0.42321947495201867,0.32319410189416786,YES,584.8326023164819,0.3248100724036387,0.0,0,-189.95951990242492,5.8483260231648195,-201.65617194875455,Predictive,0.6668358203856721,0.10002537305785081,15822.86163233716,2026-03-09 00:42:00+00:00
2026-03-09 01:15:00+00:00,BTCUSDT_20260309_0112,BTC/USDT,0.3470625866604665,0.21011870331401267,YES,677.579761741994,0.21116929683058272,0.0,0,-143.08404183369066,6.775797617419941,-156.63563706853057,Predictive,0.9129592223096924,0.13694388334645385,15626.126314817317,2026-03-09 01:27:00+00:00
2026-03-09 01:29:00+00:00,BTCUSDT_20260309_0127,BTC/USDT,0.39157455696628357,0.31719428090665647,YES,421.65469851240505,0.3187802523111897,1.0,1,287.2395073324219,4.216546985124051,278.80641336217377,Predictive,0.49586850706418073,0.0743802760596271,15478.825725998502,2026-03-09 01:42:00+00:00
2026-03-09 01:46:00+00:00,BTCUSDT_20260309_0142,BTC/USDT,0.35763982681949436,0.2766892251626945,YES,441.1217525017393,0.27807267128850793,0.0,0,-122.66390408162671,4.411217525017393,-131.4863391316615,Predictive,0.5396706777119991,0.08095060165679985,15761.654015805905,2026-03-09 01:57:00+00:00
2026-03-09 02:14:00+00:00,BTCUSDT_20260309_0212,BTC/USDT,0.3181540677342866,0.17274171922446974,YES,687.2407122766202,0.17360542782059207,0.0,0,-119.30871787051107,6.8724071227662025,-133.05353211604347,Predictive,0.9694156567321126,0.14541234850981688,15632.117704601513,2026-03-09 02:27:00+00:00
2026-03-09 02:29:00+00:00,BTCUSDT_20260309_0227,BTC/USDT,0.4772182755176618,0.2982381248758461,YES,775.6404493365501,0.2997293155002253,0.0,0,-232.48218095393133,7.756404493365501,-247.99498994066232,Predictive,1.0,0.17898015064181572,15505.052582237637,2026-03-09 02:42:00+00:00
2026-03-09 02:51:00+00:00,BTCUSDT_20260309_0242,BTC/USDT,0.3901710471664068,0.13107751581044005,YES,763.6285200641853,0.13173290338949223,0.0,0,-100.59500205907625,7.636285200641853,-115.86757246035995,Predictive,1.0,0.2590935313559668,15264.934116083063,2026-03-09 02:57:00+00:00
2026-03-09 03:33:00+00:00,BTCUSDT_20260309_0327,BTC/USDT,0.3608420353769324,0.30450857846867,YES,307.07051790129987,0.30603112136101335,1.0,1,213.09738297105793,3.070705179012999,206.95597261303192,Predictive,0.37555637938841574,0.05633345690826236,15161.268408844975,2026-03-09 03:42:00+00:00
2026-03-09 03:44:00+00:00,BTCUSDT_20260309_0342,BTC/USDT,0.34103324702487714,0.16777131532592288,YES,768.7182895908018,0.16861017190255248,0.0,0,-129.6137229525412,7.687182895908018,-144.98808874435724,Predictive,1.0,0.17326193169895426,15366.678608920125,2026-03-09 03:57:00+00:00
2026-03-09 04:01:00+00:00,BTCUSDT_20260309_0357,BTC/USDT,0.4102703715554982,0.2937018797111636,YES,628.6869605306179,0.29517038910971943,0.0,0,-185.5697747680293,6.286869605306179,-198.14351397864166,Predictive,0.7771232789622307,0.1165684918443346,15230.778016362277,2026-03-09 04:12:00+00:00
2026-03-09 04:29:00+00:00,BTCUSDT_20260309_0427,BTC/USDT,0.37266108015244703,0.3089979994942923,YES,346.5345632510354,0.31054298949176373,1.0,1,238.9206840168362,3.4653456325103544,231.9899927518155,Predictive,0.4244205377210316,0.06366308065815474,15041.742895961737,2026-03-09 04:42:00+00:00
2026-03-09 04:44:00+00:00,BTCUSDT_20260309_0442,BTC/USDT,0.40532333639044155,0.3401056422018044,YES,377.54893362160425,0.34180617041281336,0.0,0,-129.04855514464202,3.7754893362160424,-136.59953381707413,Predictive,0.4347846279242477,0.06521769418863715,15276.888090642358,2026-03-09 04:57:00+00:00
2026-03-09 05:01:00+00:00,BTCUSDT_20260309_0457,BTC/USDT,0.38129096555938724,0.30479702546574244,YES,416.6833185490811,0.3063210105930711,1.0,1,289.04446331385196,4.166833185490811,280.71079694287033,Predictive,0.5099596006242987,0.0764939400936448,15143.672702312226,2026-03-09 05:12:00+00:00
2026-03-09 05:30:00+00:00,BTCUSDT_20260309_0527,BTC/USDT,0.39507378181812614,0.2828679198062281,YES,603.6688988613486,0.2842822594052592,1.0,1,432.0565403603595,6.036688988613486,419.98316238313254,Predictive,0.7480390800793202,0.11220586201189803,15426.680476637464,2026-03-09 05:42:00+00:00
2026-03-09 05:48:00+00:00,BTCUSDT_20260309_0542,BTC/USDT,0.26523618581112096,0.17298163848882078,YES,442.26364029366323,0.17384654668126487,1.0,1,365.3776337059248,4.422636402936632,356.5323609000515,Predictive,0.6150303154820013,0.09225454732230018,15854.314380594888,2026-03-09 05:57:00+00:00
2026-03-09 06:14:00+00:00,BTCUSDT_20260309_0612,BTC/USDT,0.33791026301716814,0.2396983932740952,YES,523.7941973584275,0.24089688524046565,1.0,1,397.6138067077526,5.237941973584275,387.13792276058405,Predictive,0.654745798287153,0.09821186974307294,16214.45407232723,2026-03-09 06:27:00+00:00
2026-03-09 06:37:00+00:00,BTCUSDT_20260309_0627,BTC/USDT,0.416496368056984,0.3549631311257823,YES,396.17669859007395,0.3567379467814112,0.0,0,-141.33126201766098,3.9617669859007396,-149.25479598946245,Predictive,0.4102215795413444,0.06153323693120166,16608.10611204908,2026-03-09 06:42:00+00:00
2026-03-09 06:44:00+00:00,BTCUSDT_20260309_0642,BTC/USDT,0.28951679244969586,0.15869817290126909,YES,640.1272067019596,0.15949166376577542,0.0,0,-102.09495321863396,6.401272067019597,-114.89749735267314,Predictive,0.8721241303228452,0.13081861954842677,16460.3735779644,2026-03-09 06:57:00+00:00
2026-03-09 07:04:00+00:00,BTCUSDT_20260309_0657,BTC/USDT,0.3670777911286566,0.29655759532090226,YES,409.97990881041926,0.29804038329750676,0.0,0,-122.19056916613422,4.099799088104192,-130.3901673423426,Predictive,0.4701346387183625,0.07052019580775437,16354.178825657662,2026-03-09 07:12:00+00:00
2026-03-09 07:35:00+00:00,BTCUSDT_20260309_0727,BTC/USDT,0.40217838508474824,0.19551708869039067,YES,811.5994128245765,0.1964946741338426,0.0,0,-159.47496215018316,8.115994128245765,-175.7069504066747,Predictive,1.0,0.20666129639435757,16223.872262363282,2026-03-09 07:42:00+00:00
2026-03-09 07:47:00+00:00,BTCUSDT_20260309_0742,BTC/USDT,0.36019021173000354,0.26461020313453454,YES,521.980056896375,0.2659332541502072,1.0,1,383.1682017644117,5.21980056896375,372.7286006264842,Predictive,0.6372000573031267,0.095580008595469,16059.177499644136,2026-03-09 07:57:00+00:00
2026-03-09 08:14:00+00:00,BTCUSDT_20260309_0812,BTC/USDT,0.41381027867592957,0.32111584088879697,YES,561.2570164728529,0.3227214200932409,0.0,0,-181.12966139341458,5.612570164728529,-192.35480172287166,Predictive,0.617962918580884,0.0926944377871326,16436.73313124382,2026-03-09 08:27:00+00:00
2026-03-09 08:29:00+00:00,BTCUSDT_20260309_0827,BTC/USDT,0.3850688692615418,0.24659990288189007,YES,746.9127688454477,0.2478329023962995,0.0,0,-185.10955933982362,7.469127688454477,-200.04781471673257,Predictive,0.9231264425310117,0.13846896637965175,16248.134342161951,2026-03-09 08:42:00+00:00
2026-03-09 08:44:00+00:00,BTCUSDT_20260309_0842,BTC/USDT,0.3469077628094608,0.1573194305624163,YES,803.1512391411064,0.15810602771522836,0.0,0,-126.98305207516377,8.031512391411065,-143.0460768579859,Predictive,1.0,0.1895883322470445,16054.993270430716,2026-03-09 08:57:00+00:00
2026-03-09 09:00:00+00:00,BTCUSDT_20260309_0857,BTC/USDT,0.3750840415497508,0.18150476905907967,YES,796.4005109177776,0.18241229290437505,1.0,1,651.12726765105,7.964005109177776,635.1992574326944,Predictive,1.0,0.1935792724906711,15920.046213246374,2026-03-09 09:12:00+00:00
2026-03-09 09:29:00+00:00,BTCUSDT_20260309_0927,BTC/USDT,0.48996746083266896,0.3450150683213064,YES,828.5586740448713,0.3467401436629129,1.0,1,541.2641203733999,8.285586740448712,524.6929468925025,Predictive,0.9663492834090837,0.14495239251136255,16562.88789415698,2026-03-09 09:42:00+00:00
2026-03-09 09:59:00+00:00,BTCUSDT_20260309_0957,BTC/USDT,0.42165321045711535,0.21163255958082597,YES,855.2076007265189,0.21269072237873007,1.0,1,673.3128783442149,8.552076007265189,656.2087263296845,Predictive,1.0,0.21002065087628938,17095.59993852311,2026-03-09 10:12:00+00:00
2026-03-09 10:16:00+00:00,BTCUSDT_20260309_1012,BTC/USDT,0.3420609784890175,0.19250457875677957,YES,822.7460361184703,0.19346710165056344,0.0,0,-159.17429100233025,8.227460361184704,-175.62921172469967,Predictive,0.9970426648815863,0.14955639973223794,17760.685356506143,2026-03-09 10:27:00+00:00
2026-03-09 10:44:00+00:00,BTCUSDT_20260309_1042,BTC/USDT,0.4651654908299837,0.3018940388170172,YES,880.0755532751906,0.30340350901110225,0.0,0,-267.0180110585801,8.800755532751905,-284.6195221240839,Predictive,1.0,0.1632714520129665,17592.71030997106,2026-03-09 10:57:00+00:00
2026-03-09 11:29:00+00:00,BTCUSDT_20260309_1127,BTC/USDT,0.3957964793060599,0.3182015658121331,YES,492.95566245978915,0.31979257364119373,1.0,1,335.3121024707736,4.9295566245978915,325.45298922157787,Predictive,0.5172994232928452,0.07759491349392678,17320.76274228788,2026-03-09 11:42:00+00:00
2026-03-09 11:49:00+00:00,BTCUSDT_20260309_1142,BTC/USDT,0.31522234700731067,0.2237916124973251,YES,519.933795360463,0.2249105705598117,1.0,1,402.9951887926129,5.199337953604631,392.5965128854036,Predictive,0.6095382300665705,0.09143073450998557,17650.875506805052,2026-03-09 11:57:00+00:00
2026-03-09 12:14:00+00:00,BTCUSDT_20260309_1212,BTC/USDT,0.36303421494978005,0.19734731170195063,YES,902.6935347798832,0.19833404826046036,0.0,0,-179.0348630914389,9.026935347798831,-197.08873378703655,Predictive,1.0,0.16568690324782942,18044.843760249863,2026-03-09 12:27:00+00:00
2026-03-09 12:50:00+00:00,BTCUSDT_20260309_1242,BTC/USDT,0.36148581887819714,0.21141743359856943,YES,849.9722182376244,0.21247452076656226,1.0,1,669.3747785026933,8.499722182376244,652.3753341379409,Predictive,1.0,0.1500683852796277,17857.30917497605,2026-03-09 12:57:00+00:00
2026-03-09 12:59:00+00:00,BTCUSDT_20260309_1257,BTC/USDT,0.3918697692123864,0.20580889249699885,YES,926.3341976739372,0.20683793695948383,1.0,1,734.7331432920413,9.263341976739373,716.2064593385625,Predictive,1.0,0.18606087671538757,18517.420611502002,2026-03-09 13:12:00+00:00
2026-03-09 13:14:00+00:00,BTCUSDT_20260309_1312,BTC/USDT,0.3426451381168306,0.281349419022699,YES,410.51751704774586,0.28275616611781246,0.0,0,-116.07635924462433,4.105175170477459,-124.28670958557925,Predictive,0.4086381272942108,0.06129571909413162,19248.048579623566,2026-03-09 13:27:00+00:00
2026-03-09 13:29:00+00:00,BTCUSDT_20260309_1327,BTC/USDT,0.4648450391567114,0.4010300396708125,YES,509.5859885597252,0.40303518986916653,1.0,1,304.2049029058894,5.095859885597252,294.01318313469494,Predictive,0.4254333299059924,0.06381499948589886,19126.876360493345,2026-03-09 13:42:00+00:00
2026-03-09 13:48:00+00:00,BTCUSDT_20260309_1342,BTC/USDT,0.36029146873460094,0.22518497862615008,YES,847.0619167446604,0.22631090351928082,0.0,0,-191.69934771525791,8.470619167446603,-208.64058605015114,Predictive,0.900709934056339,0.13510649010845086,19422.610644231783,2026-03-09 13:57:00+00:00
2026-03-09 13:59:00+00:00,BTCUSDT_20260309_1357,BTC/USDT,0.3809578935204179,0.32480083093138074,YES,399.86404708273074,0.3264248350860376,1.0,1,269.33849145691477,3.9986404708273073,261.3412105152602,Predictive,0.37438041726024796,0.05615706258903719,19226.912656045697,2026-03-09 14:12:00+00:00
2026-03-09 14:14:00+00:00,BTCUSDT_20260309_1412,BTC/USDT,0.46400160765203735,0.2706564868849818,YES,974.8125573751306,0.2720097693194067,0.0,0,-265.1585388612702,9.748125573751306,-284.65479000877275,Predictive,1.0,0.19334512076705557,19486.50302192886,2026-03-09 14:27:00+00:00
2026-03-09 14:29:00+00:00,BTCUSDT_20260309_1427,BTC/USDT,0.3391059979500747,0.0614028424789485,YES,961.0672241533796,0.06170985669134323,0.0,0,-59.3073206732521,9.610672241533797,-78.52866515631969,Predictive,1.0,0.2777031554711262,19211.733810826056,2026-03-09 14:42:00+00:00
2026-03-09 14:51:00+00:00,BTCUSDT_20260309_1442,BTC/USDT,0.3878045778373637,0.24460450053635177,YES,907.6798034404407,0.2458275230390335,0.0,0,-223.13267779232032,9.076798034404407,-241.28627386112916,Predictive,0.9546671820067464,0.14320007730101195,19143.3496921184,2026-03-09 14:57:00+00:00
2026-03-09 15:03:00+00:00,BTCUSDT_20260309_1457,BTC/USDT,0.422256851294967,0.2532647302018743,YES,946.010850716304,0.25453105385288366,0.0,0,-240.78913878908386,9.46010850716304,-259.70935580340995,Predictive,1.0,0.1689921210930927,18910.75690581892,2026-03-09 15:12:00+00:00
2026-03-09 15:14:00+00:00,BTCUSDT_20260309_1512,BTC/USDT,0.39746393650044737,0.22010270486133543,YES,933.4983883514917,0.22120321838564208,0.0,0,-206.49284786115993,9.334983883514917,-225.16281562818978,Predictive,1.0,0.17736123163911194,18660.632783146317,2026-03-09 15:27:00+00:00
2026-03-09 15:35:00+00:00,BTCUSDT_20260309_1527,BTC/USDT,0.40592532360790595,0.2759397725323284,YES,828.2361943506168,0.27731947139498997,0.0,0,-229.6860236075112,8.282361943506167,-246.25074749452355,Predictive,0.8665703405038505,0.12998555107557758,18445.857573341655,2026-03-09 15:42:00+00:00
2026-03-09 15:48:00+00:00,BTCUSDT_20260309_1542,BTC/USDT,0.47493278617684365,0.4228468585457532,YES,410.98545815079706,0.42496109283848194,1.0,1,236.33262871431015,4.109854581507971,228.11291955129423,Predictive,0.3472395175406029,0.052085927631090434,18212.061695152635,2026-03-09 15:57:00+00:00
2026-03-09 15:59:00+00:00,BTCUSDT_20260309_1557,BTC/USDT,0.39636303059655253,0.24277346937142466,YES,922.4197161933473,0.24398733671828177,0.0,0,-225.05872989044815,9.224197161933473,-243.50712421431507,Predictive,1.0,0.15358956122512787,18439.170126705012,2026-03-09 16:12:00+00:00
2026-03-09 16:17:00+00:00,BTCUSDT_20260309_1612,BTC/USDT,0.41629699424197064,0.3061503913060232,YES,722.8592733634069,0.30768114326255325,1.0,1,500.4491057170154,7.22859273363407,485.9919202497473,Predictive,0.7343106862396498,0.11014660293594747,18206.88280408093,2026-03-09 16:27:00+00:00
2026-03-09 16:29:00+00:00,BTCUSDT_20260309_1627,BTC/USDT,0.3213483294227808,0.1664383125992812,YES,869.1477621489024,0.1672705041622776,1.0,1,723.7649777827402,8.691477621489025,706.382022539762,Predictive,1.0,0.15491001682349959,18698.64043217646,2026-03-09 16:42:00+00:00
2026-03-09 16:44:00+00:00,BTCUSDT_20260309_1642,BTC/USDT,0.3866622941320021,0.3313839774372621,YES,401.44037870578177,0.33304089732444836,0.0,0,-133.69606394643992,4.014403787057818,-141.72487152055558,Predictive,0.36852211129826656,0.05527831669473998,19418.391006172144,2026-03-09 16:57:00+00:00
2026-03-09 17:30:00+00:00,BTCUSDT_20260309_1727,BTC/USDT,0.38436372038839567,0.29272757644121006,YES,624.6444166490484,0.29419121432341605,1.0,1,440.879517194723,6.246444166490484,428.386628861742,Predictive,0.6109076263145707,0.09163614394718561,19278.448498059213,2026-03-09 17:42:00+00:00
2026-03-09 17:44:00+00:00,BTCUSDT_20260309_1742,BTC/USDT,0.30173589886753827,0.10830753690776898,YES,985.9664007626967,0.10884907459230782,0.0,0,-107.32153030212804,9.859664007626968,-127.04085831738197,Predictive,1.0,0.19342836195976928,19709.468351246305,2026-03-09 17:57:00+00:00
2026-03-09 17:59:00+00:00,BTCUSDT_20260309_1757,BTC/USDT,0.367575510827837,0.2826838746142942,YES,579.9598872928142,0.2840972939873656,0.0,0,-164.76503460110607,5.799598872928142,-176.36423234696232,Predictive,0.565944241423619,0.08489163621354284,19596.34722207125,2026-03-09 18:12:00+00:00
2026-03-09 18:14:00+00:00,BTCUSDT_20260309_1812,BTC/USDT,0.3130581696313921,0.19440914007677104,YES,715.4805509691067,0.19538118577715488,1.0,1,575.6891125202706,7.154805509691068,561.3795015008884,Predictive,0.7909935303641404,0.11864902955462106,19424.427381960453,2026-03-09 18:27:00+00:00
2026-03-09 18:29:00+00:00,BTCUSDT_20260309_1827,BTC/USDT,0.3474489731803767,0.1558359199091973,YES,1000.0058247240363,0.15661509950874325,1.0,1,843.3898129755586,10.000058247240363,823.3896964810777,Predictive,1.0,0.19161305327117942,19990.116436233482,2026-03-09 18:42:00+00:00
2026-03-09 18:45:00+00:00,BTCUSDT_20260309_1842,BTC/USDT,0.4422429978126459,0.2240163260031223,YES,1041.6753124604522,0.22513640763313789,0.0,0,-234.51903776747264,10.416753124604522,-255.3525440166817,Predictive,1.0,0.21822667180952363,20823.08949608444,2026-03-09 18:57:00+00:00
2026-03-09 19:00:00+00:00,BTCUSDT_20260309_1857,BTC/USDT,0.2880357884178598,0.1573502225506338,YES,798.2643123952176,0.15813697366338694,1.0,1,672.0292098495534,7.982643123952177,656.0639236016491,Predictive,0.8712371057815068,0.13068556586722602,20580.587815193016,2026-03-09 19:12:00+00:00
2026-03-09 19:14:00+00:00,BTCUSDT_20260309_1912,BTC/USDT,0.2670463259215121,0.01,YES,1062.6308512521287,0.01005,0.0,0,-10.679440055083893,10.626308512521287,-31.932057080126466,Predictive,1.0,0.2570463259215121,21241.99071653005,2026-03-09 19:27:00+00:00
2026-03-09 19:29:00+00:00,BTCUSDT_20260309_1927,BTC/USDT,0.4737264885073106,0.3975458037832744,YES,671.1779255535168,0.3995335328021907,1.0,1,403.0198378182745,6.711779255535169,389.5962793072041,Predictive,0.5078712314935745,0.07618068472403616,21224.59949721943,2026-03-09 19:42:00+00:00
2026-03-09 19:44:00+00:00,BTCUSDT_20260309_1942,BTC/USDT,0.4376256310027039,0.30024530917343517,YES,1061.5181804421852,0.3017465357193023,1.0,1,741.2087468906985,10.615181804421852,719.9783832818549,Predictive,0.915868812195125,0.13738032182926874,21617.004153233287,2026-03-09 19:57:00+00:00
2026-03-09 19:59:00+00:00,BTCUSDT_20260309_1957,BTC/USDT,0.3835974339456105,0.31932444905284285,YES,527.7951727366044,0.32092107129810704,0.0,0,-169.38059226060054,5.277951727366044,-179.9364957153326,Predictive,0.42848656595178447,0.06427298489276767,22352.934948396618,2026-03-09 20:12:00+00:00
2026-03-09 20:32:00+00:00,BTCUSDT_20260309_2027,BTC/USDT,0.3099679304892802,0.24832136809006491,YES,454.8286361344175,0.2495629749305152,0.0,0,-113.50838751729405,4.548286361344175,-122.6049602399824,Predictive,0.41097708266143507,0.06164656239921526,22179.006069774674,2026-03-09 20:42:00+00:00
2026-03-09 20:48:00+00:00,BTCUSDT_20260309_2042,BTC/USDT,0.36914171588811007,0.29187992698619547,YES,601.8823250859255,0.29333932662112644,0.0,0,-176.5557559458633,6.0188232508592545,-188.59340244758178,Predictive,0.5150785926794307,0.0772617889019146,22059.47885900652,2026-03-09 20:57:00+00:00
2026-03-09 21:05:00+00:00,BTCUSDT_20260309_2057,BTC/USDT,0.29449762080639963,0.1984689870930035,YES,655.4291641258222,0.1994613320284685,1.0,1,524.6963899989801,6.554291641258223,511.5878067164636,Predictive,0.6401908914226409,0.09602863371339612,21876.368811419397,2026-03-09 21:12:00+00:00
2026-03-09 21:30:00+00:00,BTCUSDT_20260309_2127,BTC/USDT,0.3465093545068635,0.2366780605078351,YES,805.7995750997407,0.23786145081037424,0.0,0,-191.66865599560742,8.057995750997407,-207.78464749760224,Predictive,0.7322086266601893,0.10983129399902838,22393.007205667378,2026-03-09 21:42:00+00:00
2026-03-09 22:02:00+00:00,BTCUSDT_20260309_2157,BTC/USDT,0.37950384615139243,0.24149260361257066,YES,1009.8894005050021,0.24270006663063348,0.0,0,-245.1002247921345,10.09889400505002,-265.29801280223455,Predictive,0.9200749502588118,0.13801124253882177,22191.239655666723,2026-03-09 22:12:00+00:00
2026-03-09 22:29:00+00:00,BTCUSDT_20260309_2227,BTC/USDT,0.35533931307928524,0.2879424200732392,YES,519.3054792249234,0.28938213217360537,0.0,0,-150.27772682754426,5.193054792249234,-160.6638364120427,Predictive,0.44931262004030675,0.06739689300604601,21940.94637608234,2026-03-09 22:42:00+00:00
2026-03-09 23:00:00+00:00,BTCUSDT_20260309_2257,BTC/USDT,0.35956812405338157,0.1875565381402143,YES,1089.5334324627397,0.18849432083091536,1.0,1,884.1625680880996,10.895334324627397,862.3718994388449,Predictive,1.0,0.17201158591316726,21779.773314930164,2026-03-09 23:12:00+00:00
2026-03-09 23:44:00+00:00,BTCUSDT_20260309_2342,BTC/USDT,0.3500387962708361,0.13715683452838276,YES,1133.1967941509133,0.13784261870102466,0.0,0,-156.20281360936787,11.331967941509133,-178.86674949238613,Predictive,1.0,0.21288196174245336,22652.603915076757,2026-03-09 23:57:00+00:00
2026-03-09 23:59:00+00:00,BTCUSDT_20260309_2357,BTC/USDT,0.4321947030587193,0.3801611544722532,YES,472.1257743765567,0.3820619602446144,0.0,0,-180.3812988403138,4.721257743765567,-189.82381432784493,Predictive,0.34689032390977426,0.05203354858646614,22491.679843723625,2026-03-10 00:12:00+00:00
2026-03-10 00:22:00+00:00,BTCUSDT_20260310_0012,BTC/USDT,0.4266924903776923,0.3407581754875251,YES,727.0875737376138,0.3424619663649627,1.0,1,478.08773351590077,7.270875737376137,463.54598204114853,Predictive,0.5728954326011149,0.08593431489016723,22304.027669145933,2026-03-10 00:27:00+00:00
2026-03-10 00:35:00+00:00,BTCUSDT_20260310_0027,BTC/USDT,0.48710153337369344,0.34653808289021304,YES,1139.1057701330917,0.34827077330466405,1.0,1,742.3885226930349,11.391057701330917,719.606407290373,Predictive,0.9370896698898694,0.1405634504834804,22770.724344960505,2026-03-10 00:42:00+00:00
2026-03-10 00:44:00+00:00,BTCUSDT_20260310_0042,BTC/USDT,0.4475521259211835,0.34022430492581296,YES,956.2383048301363,0.341925426450442,1.0,1,629.2761146628442,9.562383048301363,610.1513485662414,Predictive,0.7155188066358036,0.10732782099537053,23503.550484605235,2026-03-10 00:57:00+00:00
2026-03-10 01:17:00+00:00,BTCUSDT_20260310_0112,BTC/USDT,0.40735882256680556,0.30419295905092003,YES,894.5310081214099,0.3057139238461746,1.0,1,621.0604236265394,8.9453100812141,603.1698034641113,Predictive,0.6877724234392368,0.10316586351588553,24123.88128918687,2026-03-10 01:27:00+00:00
2026-03-10 01:49:00+00:00,BTCUSDT_20260310_0142,BTC/USDT,0.3444798202828345,0.23471557676535323,YES,887.2876951130412,0.23588915464917998,1.0,1,677.9861507822067,8.872876951130412,660.2403968799459,Predictive,0.7317616234498753,0.10976424351748129,24736.06883586228,2026-03-10 01:57:00+00:00
2026-03-10 02:14:00+00:00,BTCUSDT_20260310_0212,BTC/USDT,0.34408694946281415,0.25490607500287427,YES,760.457028048744,0.2561806053778886,0.0,0,-194.81434180939723,7.604570280487439,-210.02348237037214,Predictive,0.594539163066266,0.08918087445993989,25406.450416363998,2026-03-10 02:27:00+00:00
2026-03-10 02:29:00+00:00,BTCUSDT_20260310_0227,BTC/USDT,0.44849630746844926,0.22518853661424168,YES,1260.5818037277302,0.22631447929731285,1.0,1,975.2938892054215,12.605818037277302,950.0822531308668,Predictive,1.0,0.22330777085420758,25199.030256517322,2026-03-10 02:42:00+00:00
2026-03-10 02:49:00+00:00,BTCUSDT_20260310_0242,BTC/USDT,0.3920417205710707,0.1105101500641042,YES,1308.7162072861374,0.11106270081442471,0.0,0,-145.34955658080892,13.087162072861375,-171.52388072653167,Predictive,1.0,0.2815315705069665,26161.236983649884,2026-03-10 02:57:00+00:00
2026-03-10 03:24:00+00:00,BTCUSDT_20260310_0312,BTC/USDT,0.37739053457908334,0.2678140557067487,YES,973.3624911869078,0.2691531259852824,0.0,0,-261.98355721977816,9.733624911869079,-281.4508070435163,Predictive,0.7305098591488975,0.10957647887233463,26006.153802157205,2026-03-10 03:27:00+00:00
2026-03-10 03:31:00+00:00,BTCUSDT_20260310_0327,BTC/USDT,0.34005511374990394,0.2670683947461068,YES,640.9133219880284,0.2684037367198373,1.0,1,468.88979145291734,6.409133219880284,456.07152501315676,Predictive,0.4865781266919811,0.07298671900379716,25737.761111717547,2026-03-10 03:42:00+00:00
2026-03-10 03:49:00+00:00,BTCUSDT_20260310_0342,BTC/USDT,0.4233373928455966,0.20102280903487568,YES,1310.3325451585233,0.20202792308005005,0.0,0,-264.72376264257235,13.103325451585233,-290.93041354574285,Predictive,1.0,0.22231458381072094,26193.54757771888,2026-03-10 03:57:00+00:00
2026-03-10 04:00:00+00:00,BTCUSDT_20260310_0357,BTC/USDT,0.4044003720144679,0.2948798215831166,YES,1006.8280355557234,0.2963542206910321,1.0,1,708.4502977087242,10.068280355557235,688.3137369976097,Predictive,0.7301370028756753,0.10952055043135128,25918.75553472075,2026-03-10 04:12:00+00:00
2026-03-10 04:29:00+00:00,BTCUSDT_20260310_0427,BTC/USDT,0.37577735155330017,0.2650405640239367,YES,1002.9843452688187,0.2663657668440564,0.0,0,-267.16069426011273,10.029843452688187,-287.2203811654891,Predictive,0.7382452501957564,0.11073678752936345,26617.17598897678,2026-03-10 04:42:00+00:00
2026-03-10 04:45:00+00:00,BTCUSDT_20260310_0442,BTC/USDT,0.3190916612850902,0.1822166475919483,YES,1102.57157157169,0.18312773082990802,0.0,0,-201.9114299794891,11.025715715716899,-223.9628614109229,Predictive,0.9125000912876127,0.1368750136931419,26338.98957900095,2026-03-10 04:57:00+00:00
2026-03-10 05:00:00+00:00,BTCUSDT_20260310_0457,BTC/USDT,0.29626149240090793,0.21642403395063467,YES,665.7675774739695,0.21750615412038782,0.0,0,-144.80854531441045,6.657675774739695,-158.12389686388983,Predictive,0.5322497230018218,0.07983745845027326,26130.420473246722,2026-03-10 05:12:00+00:00
2026-03-10 05:15:00+00:00,BTCUSDT_20260310_0512,BTC/USDT,0.3448176131489485,0.2537669463066413,YES,792.650259404043,0.2550357810381745,1.0,1,590.4960814068213,7.92650259404043,574.6430762187404,Predictive,0.6070044456153811,0.09105066684230717,25977.68542533827,2026-03-10 05:27:00+00:00
2026-03-10 05:29:00+00:00,BTCUSDT_20260310_0527,BTC/USDT,0.37170936209357386,0.15696786309398758,YES,1328.4090753372548,0.1577527024094575,0.0,0,-209.56012153970056,13.284090753372547,-236.12830304644564,Predictive,1.0,0.21474149899958628,26554.89741599172,2026-03-10 05:42:00+00:00
2026-03-10 05:44:00+00:00,BTCUSDT_20260310_0542,BTC/USDT,0.36095123486608266,0.21816587876476207,YES,1202.8537336201482,0.21925670815858586,1.0,1,939.11998359033,12.028537336201483,915.0629089179271,Predictive,0.951902374008804,0.1427853561013206,26333.30875711582,2026-03-10 05:57:00+00:00
2026-03-10 06:00:00+00:00,BTCUSDT_20260310_0557,BTC/USDT,0.38650988857502405,0.3314014812325734,YES,561.9740659280435,0.3330584886387362,0.0,0,-187.1702330521597,5.619740659280435,-198.40971437072056,Predictive,0.36738938228300433,0.05510840734245065,27266.80900004687,2026-03-10 06:12:00+00:00
2026-03-10 06:15:00+00:00,BTCUSDT_20260310_0612,BTC/USDT,0.4226370747669079,0.23966852535081398,YES,1353.9819383497356,0.24086686797756804,0.0,0,-326.12938878849747,13.539819383497356,-353.2090275554921,Predictive,1.0,0.18296854941609395,27066.09894761121,2026-03-10 06:27:00+00:00
2026-03-10 06:45:00+00:00,BTCUSDT_20260310_0642,BTC/USDT,0.27921478617128814,0.2097484463557209,YES,587.6381398635136,0.2107971885874995,1.0,1,463.7656720734971,5.876381398635137,452.0129092762268,Predictive,0.4631089321037816,0.06946633981556724,26734.09317742408,2026-03-10 06:57:00+00:00
2026-03-10 06:59:00+00:00,BTCUSDT_20260310_0657,BTC/USDT,0.36290809414918856,0.30414269336763394,YES,574.2172498791064,0.3056634068344721,1.0,1,398.7000490179373,5.742172498791064,387.21570402035513,Predictive,0.3917693385436975,0.05876540078155462,27192.116676998787,2026-03-10 07:12:00+00:00
2026-03-10 07:15:00+00:00,BTCUSDT_20260310_0712,BTC/USDT,0.3183108707607264,0.2453447495795112,YES,666.9253528672522,0.24657147332740872,0.0,0,-164.44476685588032,6.669253528672522,-177.78327391322537,Predictive,0.48644080787476807,0.0729661211812152,27584.14747248805,2026-03-10 07:27:00+00:00
2026-03-10 07:45:00+00:00,BTCUSDT_20260310_0742,BTC/USDT,0.3472710106512433,0.2645419504709694,YES,771.0862083541319,0.2658646602233242,1.0,1,566.0816355671693,7.710862083541319,550.6599114000867,Predictive,0.5515270678684925,0.08272906018027387,27411.99184354863,2026-03-10 07:57:00+00:00
2026-03-10 08:07:00+00:00,BTCUSDT_20260310_0757,BTC/USDT,0.2749126888229666,0.18673301654477134,YES,758.3909714009418,0.18766668162749517,0.0,0,-142.32471697906735,7.583909714009418,-157.4925364070862,Predictive,0.5878644818546351,0.08817967227819526,27970.48956940179,2026-03-10 08:12:00+00:00
2026-03-10 08:14:00+00:00,BTCUSDT_20260310_0812,BTC/USDT,0.42268090416951554,0.26642241963413504,YES,1391.4082426211362,0.2677545317323057,1.0,1,1018.8523801696435,13.914082426211362,991.0242153172208,Predictive,1.0,0.1562584845353805,27814.250769996514,2026-03-10 08:27:00+00:00
2026-03-10 08:30:00+00:00,BTCUSDT_20260310_0827,BTC/USDT,0.4291936714858945,0.3744039167390749,YES,631.3013669910018,0.37627593632277023,0.0,0,-237.54351296638401,6.313013669910019,-250.16954030620406,Predictive,0.36526503164546387,0.054789754746819574,28826.79013649625,2026-03-10 08:42:00+00:00
2026-03-10 08:45:00+00:00,BTCUSDT_20260310_0842,BTC/USDT,0.28497504433623316,0.225371992421107,YES,549.9434354440923,0.22649885238321252,0.0,0,-124.56155700376823,5.499434354440923,-135.56042571265007,Predictive,0.39735367943417443,0.05960305191512616,28583.747189175425,2026-03-10 08:57:00+00:00
2026-03-10 09:14:00+00:00,BTCUSDT_20260310_0912,BTC/USDT,0.44443660247000494,0.24783742365251352,YES,1422.9592816085828,0.24907661077077606,0.0,0,-354.4258751278841,14.229592816085828,-382.88506076005575,Predictive,1.0,0.19659917881749142,28444.95603935557,2026-03-10 09:27:00+00:00
2026-03-10 09:29:00+00:00,BTCUSDT_20260310_0927,BTC/USDT,0.4281650227364134,0.32183586580820356,YES,1101.0765091508238,0.32344504513724454,1.0,1,744.9387679489759,11.010765091508238,722.9172377659594,Predictive,0.7088610461880656,0.10632915692820982,28079.519399136178,2026-03-10 09:42:00+00:00
2026-03-10 09:50:00+00:00,BTCUSDT_20260310_0942,BTC/USDT,0.3698161293816803,0.2840774092343822,YES,863.0025732049799,0.28549779628055405,0.0,0,-246.38533283446927,8.630025732049798,-263.64538429856884,Predictive,0.5715914676486541,0.08573872014729811,28815.828141353108,2026-03-10 09:57:00+00:00
2026-03-10 10:20:00+00:00,BTCUSDT_20260310_1012,BTC/USDT,0.3111550327440645,0.24849708699430317,YES,595.5075378342209,0.24973957242927466,0.0,0,-148.72179787712844,5.955075378342209,-160.63194863381284,Predictive,0.417719638331742,0.0626579457497613,28563.487733140297,2026-03-10 10:27:00+00:00
2026-03-10 10:29:00+00:00,BTCUSDT_20260310_1027,BTC/USDT,0.42825458748430656,0.3084964031751586,YES,1230.2541850836187,0.31003888519103434,1.0,1,848.8275490386892,12.302541850836187,824.2224653370168,Predictive,0.7983878953943199,0.11975818430914797,28402.46339341233,2026-03-10 10:42:00+00:00
2026-03-10 11:17:00+00:00,BTCUSDT_20260310_1112,BTC/USDT,0.36023112506544436,0.28049384356695534,YES,810.4233713702314,0.2818963127847901,1.0,1,581.9680111863445,8.104233713702314,565.7595437589398,Predictive,0.5315818766565935,0.07973728149848902,29243.186708737318,2026-03-10 11:27:00+00:00
2026-03-10 11:31:00+00:00,BTCUSDT_20260310_1127,BTC/USDT,0.45327258200166365,0.2927014893051188,YES,1491.2577359961833,0.29416499675164437,0.0,0,-438.6758270651818,14.912577359961833,-468.5009817851055,Predictive,1.0,0.16057109269654485,29810.2421425637,2026-03-10 11:42:00+00:00
2026-03-10 12:05:00+00:00,BTCUSDT_20260310_1157,BTC/USDT,0.3555545016547185,0.1809793457596917,YES,1468.578315774926,0.18188424248849014,0.0,0,-267.1112544997451,14.685783157749261,-296.4828208152436,Predictive,1.0,0.1745751558950268,29356.88053234077,2026-03-10 12:12:00+00:00
2026-03-10 12:15:00+00:00,BTCUSDT_20260310_1212,BTC/USDT,0.2893586357091063,0.2235487389168455,YES,616.3924285520517,0.2246664826114297,0.0,0,-138.48271883110644,6.163924285520517,-150.81056740214748,Predictive,0.4387326452817386,0.06580989679226079,29083.605353555504,2026-03-10 12:27:00+00:00
2026-03-10 12:29:00+00:00,BTCUSDT_20260310_1227,BTC/USDT,0.29523144856926226,0.1857424470484733,YES,973.0252316005918,0.18667115928371567,1.0,1,791.3894836054034,9.730252316005918,771.9289789733915,Predictive,0.7299266768052597,0.10948900152078894,28935.39238240839,2026-03-10 12:42:00+00:00
2026-03-10 12:44:00+00:00,BTCUSDT_20260310_1242,BTC/USDT,0.543494881943151,0.21321306037513807,YES,1486.3390933006897,0.21427912567701374,0.0,0,-318.4914413720371,14.863390933006897,-348.2182232380509,Predictive,1.0,0.3302818215680129,29711.918475080784,2026-03-10 12:57:00+00:00
2026-03-10 12:59:00+00:00,BTCUSDT_20260310_1257,BTC/USDT,0.3551240923439548,0.2573314035409187,YES,967.6126998189973,0.2586180605586233,1.0,1,717.3705800199149,9.676126998189973,698.018326023535,Predictive,0.6519512586869074,0.0977926888030361,29383.750906710557,2026-03-10 13:12:00+00:00
2026-03-10 13:35:00+00:00,BTCUSDT_20260310_1327,BTC/USDT,0.40635674316243287,0.25898195214035696,YES,1496.6391511820768,0.2602768619010587,1.0,1,1107.0986095141418,14.966391511820769,1077.1658264905002,Predictive,0.9824986068138394,0.1473747910220759,30086.15509521865,2026-03-10 13:42:00+00:00
2026-03-10 13:44:00+00:00,BTCUSDT_20260310_1342,BTC/USDT,0.45062871559837164,0.37161725595744055,YES,980.5427223801577,0.3734753422372277,1.0,1,614.3341935610053,9.805427223801576,594.7233391134023,Predictive,0.526743064272874,0.07901145964093109,31183.448277508993,2026-03-10 13:57:00+00:00
2026-03-10 13:59:00+00:00,BTCUSDT_20260310_1357,BTC/USDT,0.351986255174575,0.2989314352137273,YES,601.590810404943,0.3004260923897959,1.0,1,420.8572340173754,6.01590810404943,408.8254178092765,Predictive,0.35369879973898477,0.05305481996084771,31791.766562965946,2026-03-10 14:12:00+00:00
2026-03-10 14:19:00+00:00,BTCUSDT_20260310_1412,BTC/USDT,0.40569111555527515,0.25232713168885595,YES,1610.631189849166,0.2535887673473002,0.0,0,-408.43797808496544,16.10631189849166,-440.6506018819487,Predictive,1.0,0.1533639838664192,32196.51748508483,2026-03-10 14:27:00+00:00
2026-03-10 14:29:00+00:00,BTCUSDT_20260310_1427,BTC/USDT,0.41629474326943716,0.3133536263401349,YES,1191.4067178591795,0.31492039447183556,0.0,0,-375.1982735646077,11.914067178591795,-399.02640792179125,Predictive,0.686274112862015,0.10294111692930225,31776.165439821274,2026-03-10 14:42:00+00:00
2026-03-10 15:02:00+00:00,BTCUSDT_20260310_1457,BTC/USDT,0.3352697510018081,0.14223580415568698,YES,1570.0483583128334,0.1429469831764654,1.0,1,1345.6146820508518,15.700483583128335,1314.2137148845952,Predictive,1.0,0.19303394684612113,31385.266682673537,2026-03-10 15:12:00+00:00
2026-03-10 15:18:00+00:00,BTCUSDT_20260310_1512,BTC/USDT,0.33919196427100207,0.2464395286472336,YES,1007.1749654148235,0.24767172629046974,1.0,1,757.72620305399,10.071749654148235,737.5827037456936,Predictive,0.6183495708251232,0.09275243562376848,32720.80961507024,2026-03-10 15:27:00+00:00
2026-03-10 15:44:00+00:00,BTCUSDT_20260310_1542,BTC/USDT,0.3797511459790186,0.3134017080875841,YES,808.799722896831,0.314968716628022,1.0,1,554.0531121669163,8.08799722896831,537.8771177089797,Predictive,0.4423295859428966,0.06634943789143449,33470.447820895264,2026-03-10 15:57:00+00:00
2026-03-10 15:59:00+00:00,BTCUSDT_20260310_1557,BTC/USDT,0.32685269723779753,0.25567347612644487,YES,813.4324780320725,0.25695184350707706,0.0,0,-209.012974798871,8.134324780320725,-225.28162435951245,Predictive,0.4745281407423511,0.07117922111135266,34016.36660828186,2026-03-10 16:12:00+00:00
2026-03-10 16:32:00+00:00,BTCUSDT_20260310_1627,BTC/USDT,0.3678892038476975,0.2202403316589464,YES,1600.3705495212894,0.22134153331724113,1.0,1,1246.1420782144914,16.003705495212895,1214.1346672240657,Predictive,0.9843258145916741,0.1476488721887511,33791.34992798778,2026-03-10 16:42:00+00:00
2026-03-10 16:47:00+00:00,BTCUSDT_20260310_1642,BTC/USDT,0.3583918821627627,0.29422284961113626,YES,796.3993888986704,0.2956939638591919,0.0,0,-235.49049211848595,7.963993888986704,-251.41847989645933,Predictive,0.4277935503441762,0.06416903255162643,35029.52801231328,2026-03-10 16:57:00+00:00
2026-03-10 17:00:00+00:00,BTCUSDT_20260310_1657,BTC/USDT,0.36763881203334225,0.2866723639312996,YES,987.3266822610735,0.28810572575095605,0.0,0,-284.45447034611016,9.873266822610736,-304.2010039913316,Predictive,0.5397763206802846,0.08096644810204268,34784.16425337218,2026-03-10 17:12:00+00:00
2026-03-10 17:15:00+00:00,BTCUSDT_20260310_1712,BTC/USDT,0.29646708684879497,0.16234134113547177,YES,1381.0217481109935,0.16315304784114912,1.0,1,1155.7038407717732,13.810217481109936,1128.0834058095534,Predictive,0.8941716380888214,0.1341257457133232,34485.89956554497,2026-03-10 17:27:00+00:00
2026-03-10 17:33:00+00:00,BTCUSDT_20260310_1727,BTC/USDT,0.4817212165104776,0.4064348586175149,YES,1130.1735575632063,0.40846703291060243,1.0,1,668.5349178313435,11.301735575632064,645.9314466800794,Predictive,0.5019090526197516,0.07528635789296273,35630.30167074111,2026-03-10 17:42:00+00:00
2026-03-10 17:59:00+00:00,BTCUSDT_20260310_1757,BTC/USDT,0.399135605415476,0.25539268510856583,YES,1751.8296794282367,0.2566696485341086,0.0,0,-449.6415081104657,17.518296794282367,-484.67810169903044,Predictive,0.9582861353794011,0.14374292030691016,36281.31829177817,2026-03-10 18:12:00+00:00
2026-03-10 18:15:00+00:00,BTCUSDT_20260310_1812,BTC/USDT,0.3299034909917333,0.22980431330740375,YES,1164.2240547003237,0.23095333487394074,1.0,1,895.3426267268227,11.642240547003237,872.0581456328163,Predictive,0.6673278512288635,0.10009917768432952,35820.0345431207,2026-03-10 18:27:00+00:00
2026-03-10 18:29:00+00:00,BTCUSDT_20260310_1827,BTC/USDT,0.491840429439226,0.3718500208134144,YES,1753.3603659295004,0.3737092709174814,0.0,0,-655.247024007122,17.533603659295004,-690.314231325712,Predictive,0.7999360575054109,0.11999040862581162,36697.843566188225,2026-03-10 18:42:00+00:00
2026-03-10 18:44:00+00:00,BTCUSDT_20260310_1842,BTC/USDT,0.3584142595983086,0.29429830928560297,YES,818.6551624596507,0.29576980083203097,1.0,1,576.5216881088459,8.186551624596508,560.1485848596528,Predictive,0.4274396687513708,0.06411595031270562,36034.40999055651,2026-03-10 18:57:00+00:00
2026-03-10 19:01:00+00:00,BTCUSDT_20260310_1857,BTC/USDT,0.42245062016415746,0.21071177224109577,YES,1830.546583933268,0.21176533110230122,1.0,1,1442.900280488453,18.30546583933268,1406.2893488097875,Predictive,1.0,0.2117388479230617,36592.62621282603,2026-03-10 19:12:00+00:00
2026-03-10 19:15:00+00:00,BTCUSDT_20260310_1912,BTC/USDT,0.41869663448765865,0.34410437068456873,YES,1081.405295016188,0.34582489253799154,0.0,0,-373.9768699389882,10.814052950161878,-395.6049758393119,Predictive,0.49728175868726615,0.07459226380308992,38024.71244036432,2026-03-10 19:27:00+00:00
2026-03-10 19:29:00+00:00,BTCUSDT_20260310_1927,BTC/USDT,0.38355660475144887,0.12762898660702515,YES,1882.5367785212666,0.12826713154006025,0.0,0,-241.46759259958858,18.825367785212666,-279.1183281700139,Predictive,1.0,0.2559276181444237,37631.910202640116,2026-03-10 19:42:00+00:00
2026-03-10 20:03:00+00:00,BTCUSDT_20260310_1957,BTC/USDT,0.4412461421918538,0.3699719203271551,YES,1057.482510776011,0.37182177992879084,0.0,0,-393.19502940030316,10.574825107760109,-414.34467961582334,Predictive,0.47516147909799156,0.07127422186469873,37379.867784932765,2026-03-10 20:12:00+00:00
2026-03-10 20:48:00+00:00,BTCUSDT_20260310_2042,BTC/USDT,0.28648346094046834,0.12290411519816472,YES,1724.5137719183454,0.12351863577415552,0.0,0,-213.0095884810972,17.245137719183454,-247.4998639194641,Predictive,1.0,0.16357934574230362,36969.42761781328,2026-03-10 20:57:00+00:00
2026-03-10 21:05:00+00:00,BTCUSDT_20260310_2057,BTC/USDT,0.22538204162247585,0.09654277320016988,YES,1310.4300536446012,0.09702548706617072,0.0,0,-127.14511422101565,13.104300536446013,-153.35371529390767,Predictive,0.8589284561487065,0.12883926842230597,36743.313728795736,2026-03-10 21:12:00+00:00
2026-03-10 21:18:00+00:00,BTCUSDT_20260310_2112,BTC/USDT,0.270828729306022,0.0899610400713213,YES,1819.3401869479665,0.09041084527167789,0.0,0,-164.48808413869813,18.193401869479665,-200.87488787765744,Predictive,1.0,0.18086768923470067,36597.97521270524,2026-03-10 21:27:00+00:00
2026-03-10 21:33:00+00:00,BTCUSDT_20260310_2127,BTC/USDT,0.31939816268261484,0.24861438970062882,YES,858.0480004212031,0.24985746164913195,1.0,1,643.6583050628481,8.580480004212031,626.4973450544239,Predictive,0.4718918198799068,0.07078377298198602,36424.906648562326,2026-03-10 21:42:00+00:00
2026-03-10 21:52:00+00:00,BTCUSDT_20260310_2142,BTC/USDT,0.19548452828976093,0.11874702060194885,YES,806.9616088129345,0.11934075570495858,0.0,0,-96.30340822062477,8.069616088129345,-112.44264039688348,Predictive,0.5115833845854139,0.07673750768781208,37060.49533753704,2026-03-10 21:57:00+00:00
2026-03-10 22:04:00+00:00,BTCUSDT_20260310_2157,BTC/USDT,0.3034346445212351,0.2261599235790844,YES,922.7997176758845,0.2272907231969798,1.0,1,713.0559024793639,9.227997176758846,694.5999081258461,Predictive,0.5151648062810046,0.07727472094215068,36954.96393213965,2026-03-10 22:12:00+00:00
2026-03-10 22:29:00+00:00,BTCUSDT_20260310_2227,BTC/USDT,0.46771611031846594,0.3274193147663417,YES,1883.4009917309513,0.3290564113401733,0.0,0,-619.7451714535104,18.834009917309512,-657.4131912881293,Predictive,0.9353119703474951,0.14029679555212426,37649.185824701715,2026-03-10 22:42:00+00:00
2026-03-10 22:59:00+00:00,BTCUSDT_20260310_2257,BTC/USDT,0.29620738711029493,0.20900711262612953,YES,1020.5456460167095,0.21005214818926016,1.0,1,806.1778407457034,10.205456460167095,785.7669278253693,Predictive,0.5813351632277693,0.0872002744841654,37019.23519678804,2026-03-10 23:12:00+00:00
2026-03-10 23:15:00+00:00,BTCUSDT_20260310_2312,BTC/USDT,0.31631315816428535,0.19620584627678014,YES,1413.019944201147,0.19718687550816402,0.0,0,-278.6289878277444,14.13019944201147,-306.8893867117674,Predictive,0.8007154125833681,0.1201073118875052,37811.28283809173,2026-03-10 23:27:00+00:00
2026-03-10 23:53:00+00:00,BTCUSDT_20260310_2342,BTC/USDT,0.3958057475297079,0.33644449220539724,YES,839.4118585532644,0.3381267146664242,0.0,0,-283.8275739846525,8.394118585532645,-300.6158111557177,Predictive,0.39574170216207094,0.059361255324310636,37524.259731678445,2026-03-10 23:57:00+00:00
2026-03-11 00:20:00+00:00,BTCUSDT_20260311_0012,BTC/USDT,0.23989765934407972,0.1288936415356014,YES,1186.3756802657458,0.1295381097432794,0.0,0,-153.68086306702193,11.86375680265746,-177.40837667233686,Predictive,0.7400267853898556,0.11100401780847832,37228.568400891134,2026-03-11 00:27:00+00:00
2026-03-11 00:48:00+00:00,BTCUSDT_20260311_0042,BTC/USDT,0.2877187013134506,0.23679938190026045,YES,618.3918081221523,0.23798337880976173,0.0,0,-147.16697192518765,6.183918081221523,-159.5348080876307,Predictive,0.3394621294212678,0.05091931941319017,37068.70361974289,2026-03-11 00:57:00+00:00
2026-03-11 01:00:00+00:00,BTCUSDT_20260311_0057,BTC/USDT,0.22354129047479898,0.10948511552744931,YES,1182.2175341074496,0.11003254110508655,0.0,0,-130.082399416832,11.822175341074496,-153.72675009898097,Predictive,0.7603744996489978,0.11405617494734967,36909.714472476626,2026-03-11 01:12:00+00:00
2026-03-11 01:14:00+00:00,BTCUSDT_20260311_0112,BTC/USDT,0.26658366816305257,0.20032457298979667,YES,761.8669586601885,0.20132619585474562,0.0,0,-153.3837765344805,7.618669586601885,-168.62111570768428,Predictive,0.44172730115503933,0.0662590951732559,36772.01340347319,2026-03-11 01:27:00+00:00
2026-03-11 01:34:00+00:00,BTCUSDT_20260311_0127,BTC/USDT,0.3312136393436562,0.24956301622725383,YES,996.0642903274529,0.25081083130839005,0.0,0,-249.82371269363003,9.960642903274529,-269.74499850017907,Predictive,0.5443374874426826,0.0816506231164024,36608.66898403544,2026-03-11 01:42:00+00:00
2026-03-11 02:03:00+00:00,BTCUSDT_20260311_0157,BTC/USDT,0.26655051133089913,0.18592670335350778,YES,900.2225510626494,0.1868563368702753,0.0,0,-168.21228825958102,9.002225510626493,-186.216739280834,Predictive,0.5374920531826091,0.08062380797739135,36349.84304583118,2026-03-11 02:12:00+00:00
2026-03-11 02:23:00+00:00,BTCUSDT_20260311_0212,BTC/USDT,0.4412441198727016,0.3772190269415663,YES,929.9145172488247,0.37910512207627406,1.0,1,577.3791606667096,9.299145172488247,558.7808703217331,Predictive,0.42683395287423564,0.06402509293113534,36172.33161239911,2026-03-11 02:27:00+00:00
2026-03-11 02:33:00+00:00,BTCUSDT_20260311_0227,BTC/USDT,0.2655393132468582,0.11849946355085114,YES,1532.5208905176464,0.11909196086860538,1.0,1,1350.0099725937985,15.325208905176465,1319.3595547834457,Predictive,0.980265664640047,0.14703984969600706,36734.38556416065,2026-03-11 02:42:00+00:00
2026-03-11 02:52:00+00:00,BTCUSDT_20260311_0242,BTC/USDT,0.33401155371932995,0.26432166388438866,YES,901.9218043718697,0.26564327220381057,1.0,1,662.3323449865611,9.019218043718697,644.2939088991236,Predictive,0.4645992655662753,0.06968988983494129,38075.376318710725,2026-03-11 02:57:00+00:00
2026-03-11 03:03:00+00:00,BTCUSDT_20260311_0257,BTC/USDT,0.2772703755219783,0.11612437964375735,YES,1765.6405768200457,0.11670500154197613,1.0,1,1559.5814905796865,17.656405768200457,1524.2686790432854,Predictive,1.0,0.16114599587822095,38720.05225792909,2026-03-11 03:12:00+00:00
2026-03-11 03:29:00+00:00,BTCUSDT_20260311_0327,BTC/USDT,0.3678039354801879,0.2940018899316241,YES,1052.6654824539835,0.2954718993812822,0.0,0,-311.0330695137923,10.526654824539834,-332.086379162872,Predictive,0.4920136369904253,0.07380204554856379,40269.10709368423,2026-03-11 03:42:00+00:00
2026-03-11 03:51:00+00:00,BTCUSDT_20260311_0342,BTC/USDT,0.3024884087616797,0.20988581711710202,YES,1170.7868596482554,0.21093524620268753,0.0,0,-246.9602144907761,11.707868596482554,-270.3759516837412,Predictive,0.6173506109638512,0.09260259164457768,39946.36615557396,2026-03-11 03:57:00+00:00
2026-03-11 04:09:00+00:00,BTCUSDT_20260311_0357,BTC/USDT,0.3115297743851619,0.08019933364419198,YES,1984.9702970541593,0.08060033031241293,0.0,0,-159.98926160289366,19.849702970541593,-199.68866754397683,Predictive,1.0,0.23133044074096992,39679.556238112644,2026-03-11 04:12:00+00:00
2026-03-11 04:14:00+00:00,BTCUSDT_20260311_0412,BTC/USDT,0.40170809659710227,0.3177258911882824,YES,1216.1315916227884,0.31931452064422383,0.0,0,-388.3284762193276,12.161315916227885,-412.65110805178335,Predictive,0.5598813693921323,0.08398220540881984,39507.40566059352,2026-03-11 04:27:00+00:00
2026-03-11 04:37:00+00:00,BTCUSDT_20260311_0427,BTC/USDT,0.4479250922556788,0.34545834730845787,YES,1530.9967241729196,0.3471856390450001,0.0,0,-531.5400760577769,15.309967241729197,-562.1600105412352,Predictive,0.6831116329814728,0.10246674494722091,39103.76721713246,2026-03-11 04:42:00+00:00
2026-03-11 04:47:00+00:00,BTCUSDT_20260311_0442,BTC/USDT,0.23359222244986855,0.1499988859983423,YES,948.3461574269949,0.15074888042833398,1.0,1,805.3840359363628,9.483461574269949,786.4171127878228,Predictive,0.5572889096768417,0.08359333645152625,38562.74367950041,2026-03-11 04:57:00+00:00
2026-03-11 05:09:00+00:00,BTCUSDT_20260311_0457,BTC/USDT,0.4004576709784591,0.25961305156843867,YES,1872.2605040215362,0.2609111168262808,1.0,1,1383.7669249275418,18.722605040215363,1346.3217148471113,Predictive,0.9389641294001361,0.1408446194100204,39349.40511039656,2026-03-11 05:12:00+00:00
2026-03-11 05:14:00+00:00,BTCUSDT_20260311_0512,BTC/USDT,0.30560422235512075,0.1327667589862787,YES,2029.5053846536887,0.13343059278121008,0.0,0,-270.79810652699945,20.295053846536888,-311.3882142200732,Predictive,1.0,0.17283746336884204,40712.876981477566,2026-03-11 05:27:00+00:00
2026-03-11 05:32:00+00:00,BTCUSDT_20260311_0527,BTC/USDT,0.38761699490674384,0.26169410200571486,YES,1724.4151715095693,0.2630025725157434,1.0,1,1270.8895453173757,17.244151715095693,1236.4012418871841,Predictive,0.8394859526735265,0.12592289290102898,40424.83472323547,2026-03-11 05:42:00+00:00
2026-03-11 05:46:00+00:00,BTCUSDT_20260311_0542,BTC/USDT,0.4543784653713525,0.3310180381974977,YES,1922.1752792979064,0.3326731283884852,0.0,0,-639.4560634750447,19.221752792979064,-677.8995690610028,Predictive,0.8224028478256988,0.12336042717385481,41676.50251575987,2026-03-11 05:57:00+00:00
2026-03-11 06:00:00+00:00,BTCUSDT_20260311_0557,BTC/USDT,0.25791885747463406,0.12976072510351208,YES,1510.8578132081457,0.13040952872902964,1.0,1,1313.827557811099,15.108578132081457,1283.6104015469361,Predictive,0.8543875491408132,0.12815813237112197,41021.93787415275,2026-03-11 06:12:00+00:00
2026-03-11 06:14:00+00:00,BTCUSDT_20260311_0612,BTC/USDT,0.35824651350906894,0.20183533043851715,YES,2074.0667339513066,0.2028445070907097,0.0,0,-420.7130443215909,20.740667339513067,-462.194379000617,Predictive,1.0,0.1564111830705518,42315.02476462434,2026-03-11 06:27:00+00:00
2026-03-11 06:35:00+00:00,BTCUSDT_20260311_0627,BTC/USDT,0.4175658333906589,0.24535054941313045,YES,2094.7155860151374,0.24657730216019608,0.0,0,-516.5093179925267,20.947155860151376,-558.4036297128295,Predictive,1.0,0.17221528397752844,41873.36456444259,2026-03-11 06:42:00+00:00
2026-03-11 06:51:00+00:00,BTCUSDT_20260311_0642,BTC/USDT,0.2932993207816103,0.15744358632789032,YES,1667.1186204954774,0.15823080425952976,0.0,0,-263.78952011703717,16.671186204954775,-297.13189252694673,Predictive,0.9057048963581332,0.13585573445371998,41340.18406024511,2026-03-11 06:57:00+00:00
2026-03-11 07:14:00+00:00,BTCUSDT_20260311_0712,BTC/USDT,0.38347061674228244,0.11972408874949456,YES,2053.819727006404,0.12032270919324202,0.0,0,-247.12115374793524,20.53819727006404,-288.1975482880633,Predictive,1.0,0.26374652799278786,41055.856342858,2026-03-11 07:27:00+00:00
2026-03-11 07:35:00+00:00,BTCUSDT_20260311_0727,BTC/USDT,0.3563347997010637,0.2669947344957407,YES,1243.4614164175705,0.2683297081682194,0.0,0,-333.6576389857674,12.434614164175706,-358.52686731411876,Predictive,0.5956004347021534,0.089340065205323,40796.30057494589,2026-03-11 07:42:00+00:00
2026-03-11 08:00:00+00:00,BTCUSDT_20260311_0757,BTC/USDT,0.31238457984979595,0.26013833015146104,YES,714.3299323505676,0.26143902180221834,0.0,0,-186.7537187577772,7.143299323505675,-201.04031740478857,Predictive,0.34830833132223277,0.05224624969833491,40455.49963663662,2026-03-11 08:12:00+00:00
2026-03-11 08:18:00+00:00,BTCUSDT_20260311_0812,BTC/USDT,0.43352090611340954,0.21859449775557072,YES,2013.437295893942,0.21968747024434854,0.0,0,-442.326946030562,20.13437295893942,-482.59569194844084,Predictive,1.0,0.21492640835783883,40248.6115449199,2026-03-11 08:27:00+00:00
2026-03-11 08:35:00+00:00,BTCUSDT_20260311_0827,BTC/USDT,0.44032519019195093,0.361496184190497,YES,1228.6104522191365,0.36330366511144946,1.0,1,782.2517719336889,12.286104522191366,757.6795628893061,Predictive,0.5255267066763596,0.07882900600145393,39793.998494367144,2026-03-11 08:42:00+00:00
2026-03-11 09:08:00+00:00,BTCUSDT_20260311_0857,BTC/USDT,0.2808793352865574,0.22406074725276215,YES,742.8046846690889,0.22518105098902594,0.0,0,-167.26553957335744,7.42804684669089,-182.12163326673925,Predictive,0.3787905868919683,0.05681858803379525,40568.822219454145,2026-03-11 09:12:00+00:00
2026-03-11 09:18:00+00:00,BTCUSDT_20260311_0912,BTC/USDT,0.37081894764181567,0.30387012808745784,YES,971.3835869610258,0.30538947872789507,1.0,1,674.7332596941652,9.713835869610259,655.3055879549446,Predictive,0.4463254636957189,0.06694881955435783,40391.842844011175,2026-03-11 09:27:00+00:00
2026-03-11 09:32:00+00:00,BTCUSDT_20260311_0927,BTC/USDT,0.4252915092414691,0.3678929144299574,YES,932.2644121078658,0.36973237900210715,0.0,0,-344.6883389476421,9.322644121078659,-363.3336271897994,Predictive,0.3826572987434111,0.05739859481151166,41057.25345958426,2026-03-11 09:42:00+00:00
2026-03-11 09:47:00+00:00,BTCUSDT_20260311_0942,BTC/USDT,0.3268174674222922,0.1590418211192698,YES,2030.593523348516,0.15983703022486612,0.0,0,-324.5640383658741,20.30593523348516,-365.17590883284447,Predictive,1.0,0.16777564630302239,40692.259185403134,2026-03-11 09:57:00+00:00
2026-03-11 09:59:00+00:00,BTCUSDT_20260311_0957,BTC/USDT,0.3582900531361479,0.29817968880371387,YES,864.3654308083952,0.29967058724773243,0.0,0,-259.02489624699103,8.643654308083953,-276.31220486315897,Predictive,0.40073576221622703,0.06011036433243405,40359.05149272917,2026-03-11 10:12:00+00:00
2026-03-11 10:14:00+00:00,BTCUSDT_20260311_1012,BTC/USDT,0.31726740823192245,0.16704285988255663,YES,1808.0187125248528,0.1678780741819694,0.0,0,-303.526699543636,18.08018712524853,-339.6870737941331,Predictive,1.0,0.15022454834936583,40081.94640935693,2026-03-11 10:27:00+00:00
2026-03-11 10:29:00+00:00,BTCUSDT_20260311_1027,BTC/USDT,0.3362645053049113,0.18763782228725756,YES,1819.4269561513818,0.18857601139869382,0.0,0,-343.10027842229374,18.194269561513817,-379.48881754532135,Predictive,0.9908445534510251,0.14862668301765375,39760.22544025178,2026-03-11 10:42:00+00:00
2026-03-11 10:45:00+00:00,BTCUSDT_20260311_1042,BTC/USDT,0.42063196741561115,0.2840639035451541,YES,1879.7489375610926,0.28548422306287985,0.0,0,-536.6386649929024,18.797489375610926,-574.2336437441242,Predictive,0.9104537591363804,0.13656806387045706,39398.327672453874,2026-03-11 10:57:00+00:00
2026-03-11 10:59:00+00:00,BTCUSDT_20260311_1057,BTC/USDT,0.5133101086639166,0.4405273088795039,YES,1263.8966008552525,0.44272994542390137,0.0,0,-559.5648731181004,12.638966008552526,-584.8428051352055,Predictive,0.4852186652294177,0.07278279978441266,38849.050041452414,2026-03-11 11:12:00+00:00
2026-03-11 11:30:00+00:00,BTCUSDT_20260311_1127,BTC/USDT,0.4483166195472928,0.26987518934325777,YES,1914.4742584167159,0.271224565289974,0.0,0,-519.2524484979192,19.144742584167158,-557.5419336662535,Predictive,1.0,0.17844143020403502,38270.34042575015,2026-03-11 11:42:00+00:00
2026-03-11 11:44:00+00:00,BTCUSDT_20260311_1142,BTC/USDT,0.42414589934499686,0.20742230290639463,YES,1887.5543988626116,0.20845941442092658,1.0,1,1494.0759141880674,18.875543988626116,1456.3248262108152,Predictive,1.0,0.21672359643860223,37732.21243326361,2026-03-11 11:57:00+00:00
2026-03-11 12:15:00+00:00,BTCUSDT_20260311_1212,BTC/USDT,0.3926434079211748,0.26358775682311936,YES,1718.5938412027788,0.2649056956072349,0.0,0,-455.26529697013194,17.185938412027788,-489.6371737941875,Predictive,0.8603710073203696,0.12905565109805545,39209.10240903964,2026-03-11 12:27:00+00:00
2026-03-11 12:29:00+00:00,BTCUSDT_20260311_1227,BTC/USDT,0.3561419011579147,0.14089407790940833,YES,1937.6918556034755,0.14159854829895535,0.0,0,-274.37435380416116,19.376918556034756,-313.12819091623066,Predictive,1.0,0.2152478232485064,38734.46019351347,2026-03-11 12:42:00+00:00
2026-03-11 13:00:00+00:00,BTCUSDT_20260311_1257,BTC/USDT,0.29194653383900915,0.23712982988298761,YES,690.8957848211405,0.23831547903240252,0.0,0,-164.6511599211178,6.908957848211405,-178.4690756175406,Predictive,0.3654446930401436,0.054816703956021534,38453.176881861094,2026-03-11 13:12:00+00:00
2026-03-11 13:14:00+00:00,BTCUSDT_20260311_1312,BTC/USDT,0.4176165905800828,0.23914996750837003,YES,1914.426286096999,0.24034571734591187,1.0,1,1454.302127059146,19.14426286096999,1416.013601337206,Predictive,1.0,0.1784666230717128,38269.38145907901,2026-03-11 13:27:00+00:00
2026-03-11 14:14:00+00:00,BTCUSDT_20260311_1412,BTC/USDT,0.338975323554703,0.2429744433152003,YES,1259.372473277202,0.24418931553177628,1.0,1,951.8471710280819,12.59372473277202,926.6597215625379,Predictive,0.6400058682633514,0.0960008802395027,39711.08986140539,2026-03-11 14:27:00+00:00
2026-03-11 14:29:00+00:00,BTCUSDT_20260311_1427,BTC/USDT,0.40705366394627124,0.1920206424656677,YES,2033.1468516216735,0.192980745677996,0.0,0,-392.35819549882046,20.331468516216734,-433.0211325312539,Predictive,1.0,0.21503302148060355,40642.60556391725,2026-03-11 14:42:00+00:00
2026-03-11 14:44:00+00:00,BTCUSDT_20260311_1442,BTC/USDT,0.40394686077443037,0.15454899409005024,YES,2012.5123684209216,0.15532173906050048,1.0,1,1699.9254474770173,20.125123684209218,1659.6752001085988,Predictive,1.0,0.24939786668438013,40230.12224473422,2026-03-11 14:57:00+00:00
2026-03-11 15:07:00+00:00,BTCUSDT_20260311_1457,BTC/USDT,0.5229202572536582,0.2945388587042283,YES,2096.5023846105623,0.2960115529977494,1.0,1,1475.913457878505,20.965023846105623,1433.9834101862937,Predictive,1.0,0.2283813985494299,41909.08266836514,2026-03-11 15:12:00+00:00
2026-03-11 15:14:00+00:00,BTCUSDT_20260311_1512,BTC/USDT,0.45042780343717836,0.2974461635542834,YES,2169.249806312182,0.2989333943720548,0.0,0,-648.461207841823,21.69249806312182,-691.8462039680666,Predictive,1.0,0.15298163988289498,43363.30362818052,2026-03-11 15:27:00+00:00
2026-03-11 15:44:00+00:00,BTCUSDT_20260311_1542,BTC/USDT,0.4216691561294123,0.34504481536029624,YES,1249.32083838516,0.34677003943709767,0.0,0,-433.22703639640986,12.4932083838516,-458.21345316411305,Predictive,0.5108289384607738,0.07662434076911606,42702.34921195485,2026-03-11 15:57:00+00:00
2026-03-11 16:02:00+00:00,BTCUSDT_20260311_1557,BTC/USDT,0.3465272052636312,0.29209386644439905,YES,812.5545675869528,0.293554335776621,0.0,0,-238.5289163702474,8.125545675869528,-254.78000772198644,Predictive,0.3628889254615475,0.054433338819232124,42260.99662988257,2026-03-11 16:12:00+00:00
2026-03-11 16:14:00+00:00,BTCUSDT_20260311_1612,BTC/USDT,0.4524077568141722,0.3924705592093882,YES,1036.4555123072341,0.3944329120054351,1.0,1,627.6433464238067,10.364555123072341,606.914236177662,Predictive,0.3995813173652267,0.059937197604784,42012.10315838925,2026-03-11 16:27:00+00:00
2026-03-11 16:29:00+00:00,BTCUSDT_20260311_1627,BTC/USDT,0.41378559734174847,0.3085569586264816,YES,1622.3037225714502,0.31009974341961394,0.0,0,-503.0759681180912,16.223037225714503,-535.5220425695202,Predictive,0.7015242581017793,0.10522863871526689,42623.52346758734,2026-03-11 16:42:00+00:00
2026-03-11 16:44:00+00:00,BTCUSDT_20260311_1642,BTC/USDT,0.36027575104562287,0.2650934685471274,YES,1363.8198060819057,0.266418935889863,0.0,0,-363.3474214818606,13.638198060819057,-390.62381760349865,Predictive,0.6345485499899699,0.09518228249849547,42106.80930140844,2026-03-11 16:57:00+00:00
2026-03-11 17:07:00+00:00,BTCUSDT_20260311_1657,BTC/USDT,0.39423922189518346,0.33325517710435293,YES,954.5200283498103,0.33492145298987464,0.0,0,-319.6892348028548,9.545200283498103,-338.779635369851,Predictive,0.4065602986055369,0.06098404479083053,41733.91667964308,2026-03-11 17:12:00+00:00
2026-03-11 17:31:00+00:00,BTCUSDT_20260311_1727,BTC/USDT,0.4251825308947076,0.28317508013459136,YES,2051.1036592260375,0.2845909555352643,0.0,0,-583.7255502810152,20.511036592260375,-624.7476234655359,Predictive,0.9467163384007748,0.14200745076011623,41393.716408247965,2026-03-11 17:42:00+00:00
2026-03-11 17:44:00+00:00,BTCUSDT_20260311_1742,BTC/USDT,0.37728521235098866,0.23960419168569874,YES,1847.3146265502512,0.2408022126441272,0.0,0,-444.83744952316005,18.473146265502514,-481.7837420541651,Predictive,0.9178734711019328,0.13768102066528992,40791.51771170145,2026-03-11 17:57:00+00:00
2026-03-11 18:00:00+00:00,BTCUSDT_20260311_1757,BTC/USDT,0.30321172042714484,0.24739504424362277,YES,748.0742619515444,0.24863201946484087,0.0,0,-185.99521445868285,7.480742619515444,-200.95669969771373,Predictive,0.3721111745568138,0.05581667618352207,40339.19951955877,2026-03-11 18:12:00+00:00
2026-03-11 18:14:00+00:00,BTCUSDT_20260311_1812,BTC/USDT,0.33139662013336635,0.17885662820811674,YES,1864.7685869725392,0.1797509113491573,1.0,1,1529.574734008945,18.647685869725393,1492.2793622694942,Predictive,1.0,0.1525399919252496,40134.55661923037,2026-03-11 18:27:00+00:00
2026-03-11 18:30:00+00:00,BTCUSDT_20260311_1827,BTC/USDT,0.48225819468472253,0.35441603343898626,YES,2062.6412962971863,0.35618811360618113,1.0,1,1327.9529839228835,20.626412962971862,1286.7001579969397,Predictive,0.8522810749715752,0.12784216124573627,41643.50494027634,2026-03-11 18:42:00+00:00
2026-03-11 18:59:00+00:00,BTCUSDT_20260311_1857,BTC/USDT,0.36347531231042396,0.2624676869630833,YES,1471.2727991415036,0.2637800253978987,1.0,1,1083.1804228167202,14.712727991415036,1053.7549668338902,Predictive,0.673384168982271,0.10100762534734065,42956.74519620781,2026-03-11 19:12:00+00:00
2026-03-11 19:22:00+00:00,BTCUSDT_20260311_1912,BTC/USDT,0.3807890392933153,0.3214706544837383,YES,962.5144704930958,0.32307800775615697,1.0,1,651.5472129297141,9.625144704930959,632.2969235198523,Predictive,0.39545589873051346,0.05931838480957702,44030.3004743196,2026-03-11 19:27:00+00:00
2026-03-11 19:30:00+00:00,BTCUSDT_20260311_1927,BTC/USDT,0.3737263312975293,0.20109427514916872,YES,2234.0923843624655,0.20209974652491455,1.0,1,1782.5828797695692,22.340923843624655,1737.9010320823197,Predictive,1.0,0.17263205614836058,44659.50676340569,2026-03-11 19:42:00+00:00
2026-03-11 19:49:00+00:00,BTCUSDT_20260311_1942,BTC/USDT,0.41219031141889406,0.35423374675603975,YES,1042.0271878414153,0.3560049154898199,1.0,1,671.0603868958375,10.420271878414153,650.2198431390092,Predictive,0.3863770977523621,0.057956564662854315,46431.66937129684,2026-03-11 19:57:00+00:00
2026-03-11 20:00:00+00:00,BTCUSDT_20260311_1957,BTC/USDT,0.4613004224694887,0.34108724019437303,YES,2148.375848628079,0.3427926763953449,1.0,1,1411.9283415737395,21.48375848628079,1368.960824601178,Predictive,0.8014212151674379,0.12021318227511568,47081.2459997064,2026-03-11 20:12:00+00:00
2026-03-11 20:14:00+00:00,BTCUSDT_20260311_2012,BTC/USDT,0.4126703047675231,0.268561279473535,YES,2388.547355923189,0.26990408587090264,0.0,0,-644.67869065981,23.88547355923189,-692.4496377782737,Predictive,0.9607268352932541,0.1441090252939881,48469.28886772091,2026-03-11 20:27:00+00:00
2026-03-11 20:29:00+00:00,BTCUSDT_20260311_2027,BTC/USDT,0.2807165277592595,0.16433414081884856,YES,1665.1219580619727,0.16515581152294279,1.0,1,1390.1173897935762,16.651219580619728,1356.8149506323368,Predictive,0.7758825796027395,0.11638238694041092,47807.958957480485,2026-03-11 20:42:00+00:00
2026-03-11 20:59:00+00:00,BTCUSDT_20260311_2057,BTC/USDT,0.3589597121614752,0.1745898359344591,YES,2459.903817363703,0.17546278511413138,1.0,1,2028.2822424561843,24.599038173637034,1979.0841661089105,Predictive,1.0,0.18436987622701612,49173.477309100424,2026-03-11 21:12:00+00:00
2026-03-11 21:18:00+00:00,BTCUSDT_20260311_2112,BTC/USDT,0.34143427147154387,0.27107126353654515,YES,1235.617980672346,0.27242661985422784,1.0,1,899.0027507666722,12.35617980672346,874.2903911532252,Predictive,0.46908671956665815,0.07036300793499872,51189.40337174988,2026-03-11 21:27:00+00:00
2026-03-11 21:29:00+00:00,BTCUSDT_20260311_2127,BTC/USDT,0.3913243397567905,0.21950966013110945,YES,2604.420306125828,0.22060720843176498,0.0,0,-574.5538933174217,26.044203061258283,-626.6422994399383,Predictive,1.0,0.17181467962568103,52062.3619194553,2026-03-11 21:42:00+00:00
2026-03-11 21:44:00+00:00,BTCUSDT_20260311_2142,BTC/USDT,0.4815569440218224,0.24875837370383921,YES,2574.390401306894,0.2500021655723584,0.0,0,-643.6031753554163,25.743904013068942,-695.0909833815541,Predictive,1.0,0.2327985703179832,51462.064122124815,2026-03-11 21:57:00+00:00
2026-03-11 22:03:00+00:00,BTCUSDT_20260311_2157,BTC/USDT,0.44418615691105684,0.38760665384663295,YES,1173.7893973406108,0.3895446871158661,0.0,0,-457.24342352696925,11.737893973406107,-480.7192114737815,Predictive,0.3771966870961593,0.056579503064423886,50806.72305279599,2026-03-11 22:12:00+00:00
2026-03-11 22:44:00+00:00,BTCUSDT_20260311_2242,BTC/USDT,0.3694887310329412,0.313675701016508,YES,1023.6257925088332,0.3152440795215905,0.0,0,-322.69197073400574,10.236257925088333,-343.16448658418244,Predictive,0.37208686677622155,0.05581303001643323,50339.24337134393,2026-03-11 22:57:00+00:00
2026-03-11 22:59:00+00:00,BTCUSDT_20260311_2257,BTC/USDT,0.4458614965487785,0.26810954684004235,YES,2500.8275700304966,0.2694500945742425,1.0,1,1826.9793447719062,25.008275700304967,1776.9627933712964,Predictive,1.0,0.17775194970873615,49991.54312490962,2026-03-11 23:12:00+00:00
2026-03-11 23:14:00+00:00,BTCUSDT_20260311_2312,BTC/USDT,0.3933151439680629,0.2659004330878168,YES,2248.4831609721637,0.26722993525325583,0.0,0,-600.8620095246273,22.48483160972164,-645.8316727440705,Predictive,0.8494314058683072,0.12741471088024608,51796.03763807181,2026-03-11 23:27:00+00:00
2026-03-11 23:31:00+00:00,BTCUSDT_20260311_2327,BTC/USDT,0.3279702681970002,0.1695107034887536,YES,2442.0438888678577,0.17035825700619736,0.0,0,-416.02234044016416,24.42043888867858,-464.8632182175213,Predictive,1.0,0.1584595647082466,51170.7551896585,2026-03-11 23:42:00+00:00
2026-03-11 23:47:00+00:00,BTCUSDT_20260311_2342,BTC/USDT,0.2610537554328778,0.13470167646460487,YES,1852.8193799036371,0.1353751848469279,1.0,1,1601.993613861212,18.528193799036373,1564.937226263139,Predictive,0.8423471931218195,0.1263520789682729,50736.2046554193,2026-03-11 23:57:00+00:00
2026-03-12 00:09:00+00:00,BTCUSDT_20260311_2357,BTC/USDT,0.4182517516830192,0.15712764057284734,YES,2616.9099134640255,0.15791327877571157,1.0,1,2203.6650887682576,26.169099134640255,2151.326890498977,Predictive,1.0,0.26112411111017186,52312.02917014587,2026-03-12 00:12:00+00:00
2026-03-12 00:14:00+00:00,BTCUSDT_20260312_0012,BTC/USDT,0.32584491132716403,0.24225134012164715,YES,1503.5201680799805,0.24346259682225535,0.0,0,-366.0509244953859,15.035201680799805,-396.1213278569855,Predictive,0.557290474703446,0.08359357120551689,54500.65905723333,2026-03-12 00:27:00+00:00
2026-03-12 00:32:00+00:00,BTCUSDT_20260312_0027,BTC/USDT,0.41744949295665496,0.2505094887621142,YES,2706.7304066368974,0.25176203620592474,0.0,0,-681.451958635396,27.067304066368976,-735.5865667681338,Predictive,1.0,0.16694000419454075,54107.54082867157,2026-03-12 00:42:00+00:00
2026-03-12 00:52:00+00:00,BTCUSDT_20260312_0042,BTC/USDT,0.3859398997265406,0.31522485948730244,YES,1379.2951148318105,0.3168009837847389,0.0,0,-436.962049308202,13.792951148318105,-464.54795160483815,Predictive,0.4714336015949209,0.07071504023923814,53412.29591888786,2026-03-12 00:57:00+00:00
2026-03-12 01:00:00+00:00,BTCUSDT_20260312_0057,BTC/USDT,0.46109691708584777,0.15344251895173372,YES,2648.766693478983,0.15420973154649237,1.0,1,2240.301092748299,26.487666934789832,2187.325758878719,Predictive,1.0,0.30765439813411405,52948.84620264487,2026-03-12 01:12:00+00:00
2026-03-12 01:18:00+00:00,BTCUSDT_20260312_0112,BTC/USDT,0.4094172130237793,0.35821710893996195,YES,1100.7188432345256,0.3600081944846617,0.0,0,-396.2678033881069,11.007188432345256,-418.2821802527974,Predictive,0.34133402722544914,0.051200104083817366,55178.140106960826,2026-03-12 01:27:00+00:00
2026-03-12 01:48:00+00:00,BTCUSDT_20260312_0142,BTC/USDT,0.30535131100495716,0.09113547960880783,YES,2739.093615178636,0.09159115700685186,1.0,1,2488.216861814344,27.39093615178636,2433.4349895107716,Predictive,1.0,0.21421583139614933,54754.48136742093,2026-03-12 01:57:00+00:00
2026-03-12 01:59:00+00:00,BTCUSDT_20260312_0157,BTC/USDT,0.3260181301265975,0.1896707780439612,YES,2407.938069535973,0.190619131934181,0.0,0,-458.9990645662148,24.07938069535973,-507.1578259569343,Predictive,0.9089823472175755,0.13634735208263632,57218.61884853992,2026-03-12 02:12:00+00:00
2026-03-12 02:14:00+00:00,BTCUSDT_20260312_0212,BTC/USDT,0.4024721830481032,0.3501765431621182,YES,1141.9565595293095,0.35192742587792875,1.0,1,740.0707270697438,11.419565595293095,717.2315958791577,Predictive,0.3486375992399001,0.05229563988598501,56748.200218378406,2026-03-12 02:27:00+00:00
2026-03-12 02:29:00+00:00,BTCUSDT_20260312_0227,BTC/USDT,0.3713740424924125,0.20609591528906832,YES,2874.413547272408,0.20712639486551362,0.0,0,-595.3669153991265,28.74413547272408,-652.8551863445747,Predictive,1.0,0.1652781272033442,57459.52680997543,2026-03-12 02:42:00+00:00
2026-03-12 03:03:00+00:00,BTCUSDT_20260312_0257,BTC/USDT,0.3540693212188274,0.29242999917624585,YES,1238.4174923830974,0.293892149172127,0.0,0,-363.96117840882476,12.384174923830974,-388.72952825648673,Predictive,0.41092881361721034,0.061639322042581546,56851.775719652476,2026-03-12 03:12:00+00:00
2026-03-12 03:14:00+00:00,BTCUSDT_20260312_0312,BTC/USDT,0.38504405111477863,0.24812474061110706,YES,2571.6608314564683,0.24936536431416256,0.0,0,-641.2831401286044,25.716608314564684,-692.7163567577338,Predictive,0.9127954033578105,0.13691931050367157,56462.097932929086,2026-03-12 03:27:00+00:00
2026-03-12 03:35:00+00:00,BTCUSDT_20260312_0327,BTC/USDT,0.42145012095030676,0.2633032279006726,YES,2791.040739640024,0.26461974404017596,1.0,1,2052.4762535107775,27.91040739640024,1996.6554387179772,Predictive,1.0,0.15814689304963414,55792.90438540408,2026-03-12 03:42:00+00:00
2026-03-12 04:08:00+00:00,BTCUSDT_20260312_0357,BTC/USDT,0.2973589722268529,0.2470323675254501,YES,966.5626647355408,0.24826752936307733,1.0,1,726.5965399870556,9.665626647355408,707.2652866923447,Predictive,0.3355106980093522,0.05032660470140282,57835.7150122675,2026-03-12 04:12:00+00:00
2026-03-12 04:20:00+00:00,BTCUSDT_20260312_0412,BTC/USDT,0.40702831329839984,0.28167366897941626,YES,2554.9173885566547,0.2830820373243133,1.0,1,1831.6661690087228,25.549173885566546,1780.56782123759,Predictive,0.8356976287932238,0.12535464431898358,58536.762378368985,2026-03-12 04:27:00+00:00
2026-03-12 04:29:00+00:00,BTCUSDT_20260312_0427,BTC/USDT,0.37173333723598756,0.21072153052032452,YES,3018.421427368886,0.21177513817292612,0.0,0,-639.2266148451666,30.18421427368886,-699.5950433925444,Predictive,1.0,0.16101180671566304,60338.24433310403,2026-03-12 04:42:00+00:00
2026-03-12 04:45:00+00:00,BTCUSDT_20260312_0442,BTC/USDT,0.37521761788647245,0.2902391543158441,YES,1786.915562200125,0.2916903500874233,0.0,0,-521.2260259148192,17.869155622001248,-556.9643371588216,Predictive,0.5665230904708559,0.08497846357062838,59681.14856263686,2026-03-12 04:57:00+00:00
2026-03-12 05:00:00+00:00,BTCUSDT_20260312_0457,BTC/USDT,0.34582386184913266,0.2874660689682301,YES,1211.3256491690954,0.28890339931307124,1.0,1,861.3695514490311,12.113256491690954,837.143038465649,Predictive,0.38905195253935027,0.05835779288090254,59147.80928023035,2026-03-12 05:12:00+00:00
